# Host: 39.96.170.233  (Version 5.7.27-0ubuntu0.18.04.1)
# Date: 2020-03-11 08:27:39
# Generator: MySQL-Front 6.0  (Build 2.20)


#
# Structure for table "category"
#

CREATE TABLE `category` (
  `category_id` int(11) NOT NULL AUTO_INCREMENT,
  `category_name` varchar(30) DEFAULT NULL COMMENT '类别名字',
  PRIMARY KEY (`category_id`)
) ENGINE=InnoDB AUTO_INCREMENT=3 DEFAULT CHARSET=utf8 COMMENT='商品类别';

#
# Data for table "category"
#

INSERT INTO `category` VALUES (1,'测试');

#
# Structure for table "district"
#

CREATE TABLE `district` (
  `district_id` int(11) NOT NULL AUTO_INCREMENT COMMENT '关联所属区县ID',
  `district_name` varchar(50) NOT NULL COMMENT '区县名称',
  `p_id` int(11) unsigned DEFAULT '0' COMMENT '上级词条id',
  `sort_code` smallint(6) unsigned DEFAULT '0' COMMENT '同级词条排序号',
  `description` varchar(255) DEFAULT '' COMMENT '描述',
  `manager` varchar(20) DEFAULT '' COMMENT '负责人（院长）',
  `phone` varchar(30) DEFAULT '' COMMENT '联系电话',
  `address` varchar(50) DEFAULT '' COMMENT '部门地址',
  PRIMARY KEY (`district_id`) USING BTREE
) ENGINE=InnoDB DEFAULT CHARSET=utf8 ROW_FORMAT=DYNAMIC COMMENT='区县表';

#
# Data for table "district"
#


#
# Structure for table "goods"
#

CREATE TABLE `goods` (
  `goods_id` int(11) NOT NULL AUTO_INCREMENT,
  `goods_name` varchar(40) DEFAULT NULL COMMENT '商品名称',
  `img` varchar(255) DEFAULT NULL COMMENT '封面',
  `category_id` int(11) DEFAULT NULL COMMENT '商品类别id',
  `price` decimal(10,2) DEFAULT NULL COMMENT '价格',
  `create_time` datetime DEFAULT CURRENT_TIMESTAMP COMMENT '创建时间',
  PRIMARY KEY (`goods_id`)
) ENGINE=InnoDB AUTO_INCREMENT=2 DEFAULT CHARSET=utf8 COMMENT='商品表';

#
# Data for table "goods"
#

INSERT INTO `goods` VALUES (1,'测试',NULL,1,22.00,'2020-02-23 15:01:30');

#
# Structure for table "goods_detail"
#

CREATE TABLE `goods_detail` (
  `detail_id` int(11) NOT NULL AUTO_INCREMENT,
  `goods_id` int(11) DEFAULT NULL COMMENT '商品id',
  `detail_img` text COMMENT '详情图片',
  `description` varchar(100) DEFAULT NULL COMMENT '描述',
  PRIMARY KEY (`detail_id`)
) ENGINE=InnoDB AUTO_INCREMENT=3 DEFAULT CHARSET=utf8 COMMENT='商品详情';

#
# Data for table "goods_detail"
#


#
# Structure for table "note"
#

CREATE TABLE `note` (
  `note_id` int(11) NOT NULL AUTO_INCREMENT,
  `content` varchar(255) DEFAULT NULL COMMENT '内容',
  `urgency` varchar(4) DEFAULT NULL COMMENT '紧急度',
  `state` smallint(6) DEFAULT '0' COMMENT '状态0:未完成，1已完成',
  `create_time` datetime DEFAULT CURRENT_TIMESTAMP,
  PRIMARY KEY (`note_id`)
) ENGINE=InnoDB AUTO_INCREMENT=2 DEFAULT CHARSET=utf8 COMMENT='便签';

#
# Data for table "note"
#


#
# Structure for table "orders"
#

CREATE TABLE `orders` (
  `order_id` int(11) NOT NULL AUTO_INCREMENT,
  `user_id` int(11) DEFAULT NULL COMMENT '用户id',
  `goods_id` int(11) DEFAULT NULL COMMENT '商品id',
  `goods_name` varchar(40) DEFAULT NULL COMMENT '商品名字',
  `address` varchar(150) DEFAULT NULL COMMENT '地址',
  `user_name` varchar(40) DEFAULT NULL COMMENT '用户名称',
  `tel` varchar(11) DEFAULT NULL COMMENT '联系电话',
  `price` decimal(10,2) DEFAULT NULL COMMENT '价格',
  `description` varchar(100) DEFAULT NULL COMMENT '描述',
  `state` smallint(6) DEFAULT '0' COMMENT '状态 0:未分配，1:已分配，2：已完成，3：已取消',
  `create_time` datetime DEFAULT CURRENT_TIMESTAMP,
  `admin_id` int(11) DEFAULT NULL COMMENT '师傅id',
  `source` varchar(20) DEFAULT '小程序' COMMENT '来源',
  `s` smallint(6) DEFAULT '0' COMMENT '0：orders,1:repair',
  `district` varchar(20) DEFAULT '' COMMENT '区县',
  `integral` smallint(5) unsigned DEFAULT NULL COMMENT '消耗积分',
  PRIMARY KEY (`order_id`)
) ENGINE=InnoDB AUTO_INCREMENT=22 DEFAULT CHARSET=utf8 COMMENT='商品订单';

#
# Data for table "orders"
#

INSERT INTO `orders` VALUES (1,1,NULL,NULL,'555','1111','15023444458',22.00,'2222',2,'2020-02-10 15:26:56',4,'22',0,'',20),(2,NULL,NULL,NULL,'555','测试客户','15023444458',NULL,'',1,'2020-02-10 15:48:32',2,'来源',0,'',NULL),(3,NULL,NULL,NULL,NULL,NULL,NULL,NULL,NULL,2,'2020-02-10 16:35:24',2,'小程序',0,'',NULL),(10,1,NULL,NULL,NULL,NULL,NULL,NULL,NULL,0,'2020-02-18 14:46:55',NULL,'小程序',0,'',NULL),(11,1,NULL,NULL,NULL,NULL,NULL,10.00,NULL,1,'2020-02-18 14:54:10',1,'小程序',0,'',NULL),(12,9,2,'测试','重庆市重庆市长寿区建新南路23','测试','17353166851',NULL,'22',0,'2020-02-21 12:02:48',NULL,'小程序',0,'',NULL),(13,9,1,'测试','贵州省毕节市七星关区测试','李','15735753427',22.00,'',2,'2020-02-22 13:53:08',1,'小程序',0,'',2),(14,1,NULL,NULL,NULL,NULL,NULL,NULL,NULL,0,'2020-02-22 19:59:09',NULL,'小程序',0,'',NULL),(15,1,NULL,NULL,NULL,NULL,NULL,199.00,NULL,0,'2020-02-22 19:59:37',NULL,'小程序',0,'',NULL),(16,1,NULL,NULL,NULL,NULL,NULL,200.00,NULL,0,'2020-02-22 19:59:50',NULL,'小程序',0,'',NULL),(17,1,NULL,NULL,NULL,NULL,NULL,200.00,NULL,0,'2020-02-22 20:00:22',NULL,'小程序',0,'',NULL),(18,1,NULL,NULL,NULL,NULL,NULL,201.00,NULL,0,'2020-02-22 20:03:24',NULL,'小程序',0,'',NULL),(19,6,NULL,NULL,NULL,'11',NULL,NULL,NULL,2,'2020-02-23 10:19:11',1,'小程序',0,'',NULL),(20,8,NULL,NULL,NULL,'12',NULL,NULL,NULL,2,'2020-02-23 10:24:45',9,'小程序',0,'',NULL),(21,9,1,'测试','贵州省毕节市七星关区测试，','李','15057888588',NULL,'',2,'2020-02-23 15:14:22',1,'小程序',0,'',NULL);

#
# Structure for table "orders_detail"
#

CREATE TABLE `orders_detail` (
  `detail_id` int(11) NOT NULL AUTO_INCREMENT,
  `order_id` int(11) DEFAULT NULL,
  `user_id` int(11) DEFAULT NULL,
  `user_name` varchar(40) DEFAULT NULL COMMENT '师傅姓名',
  `description` varchar(100) DEFAULT NULL COMMENT '描述',
  `img` text COMMENT '完成图片',
  `finish_time` datetime DEFAULT CURRENT_TIMESTAMP ON UPDATE CURRENT_TIMESTAMP,
  PRIMARY KEY (`detail_id`)
) ENGINE=InnoDB AUTO_INCREMENT=39 DEFAULT CHARSET=utf8 COMMENT='预约订单详情表';

#
# Data for table "orders_detail"
#

INSERT INTO `orders_detail` VALUES (30,2,2,'＊ A修电脑维修出租复印机',NULL,NULL,'2020-02-10 16:29:58'),(31,1,4,'＊ A修电脑维修出租复印机','ww','https://1haokx.com:8443/downloadFile/1/2/20200219/1582098981797.png','2020-02-19 15:56:23'),(33,3,2,'＊ A修电脑维修出租复印机','',NULL,'2020-02-10 20:11:50'),(34,11,1,'',NULL,NULL,'2020-02-19 15:18:30'),(35,19,1,'有',NULL,NULL,'2020-02-23 10:19:38'),(36,20,9,'eye','测试',NULL,'2020-02-23 14:31:15'),(37,13,1,NULL,'',NULL,'2020-02-23 18:01:27'),(38,21,1,'有','dddddddddd',NULL,'2020-02-23 16:21:51');

#
# Structure for table "repair"
#

CREATE TABLE `repair` (
  `repair_id` int(11) NOT NULL AUTO_INCREMENT,
  `user_id` int(11) DEFAULT NULL COMMENT '用户id',
  `address` varchar(150) DEFAULT NULL COMMENT '地址',
  `user_name` varchar(40) DEFAULT NULL COMMENT '用户名称',
  `tel` varchar(11) DEFAULT NULL COMMENT '联系电话',
  `price` decimal(10,2) DEFAULT NULL COMMENT '价格',
  `description` varchar(100) DEFAULT NULL COMMENT '描述',
  `state` smallint(6) DEFAULT '0' COMMENT '状态 0:未分配，1:已分配，2：已完成，3：已取消',
  `create_time` datetime DEFAULT CURRENT_TIMESTAMP,
  `admin_id` int(11) DEFAULT NULL COMMENT '师傅id',
  `source` varchar(20) DEFAULT '小程序' COMMENT '来源',
  `s` smallint(6) DEFAULT '1' COMMENT '0：orders,1:repair',
  `user_type` varchar(4) DEFAULT NULL COMMENT '类型（个人，公司）',
  `repair_type` varchar(16) DEFAULT NULL COMMENT '维修类型（打印机维修。。。）',
  `repair_time` varchar(30) DEFAULT NULL COMMENT '预约时间',
  `img` text COMMENT '问题描述（图片）',
  `district` varchar(20) DEFAULT '' COMMENT '区县',
  `integral` smallint(5) unsigned DEFAULT '0' COMMENT '消耗积分',
  PRIMARY KEY (`repair_id`)
) ENGINE=InnoDB AUTO_INCREMENT=37 DEFAULT CHARSET=utf8 COMMENT='维修订单';

#
# Data for table "repair"
#

INSERT INTO `repair` VALUES (1,NULL,'详细地址','客户姓名','15023444458',NULL,'备注',2,'2020-02-08 20:46:01',2,'来源',1,NULL,'空调维修','2020年02月19日12:00',NULL,'',0),(2,1,'','','15023444458',1000.00,'',2,'2020-02-08 20:50:38',2,'测试',1,NULL,'电脑维修','2020年03月05日12:00',NULL,'',0),(3,1,'测试','','17353166852',22.00,'测试',2,'2020-02-08 21:33:49',3,'小程序',1,NULL,NULL,'2020年02月14日12:00',NULL,'',10),(4,NULL,'','测试','15023444458',NULL,'',0,'2020-02-08 21:52:29',4,'测试',1,NULL,'电脑维修','2020年02月20日12:00',NULL,'',0),(5,3,'重庆市重庆市长寿区建新南路1111111111','测试','17353166856',22.00,'',2,'2020-02-09 14:45:47',3,'小程序',1,'个人','电脑维修','2020年02月09日星期日14：45',NULL,'',0),(6,6,'重庆市重庆市巴南区红光大道26栋2-8','宋','13996619180',100.00,'',2,'2020-02-09 18:36:29',4,'小程序',1,'个人','电脑维修','2020年02月09日星期日18：34',NULL,'',0),(7,3,'重庆市重庆市长寿区建新南路222','2050','17353166851',99.00,'',2,'2020-02-09 18:53:59',3,'小程序',1,'个人','电脑维修','2020年02月09日星期日18：53',NULL,'',0),(8,3,'重庆市渝中区上曾家岩24号ww','ceshi','17353166850',NULL,'',1,'2020-02-09 19:52:40',2,'小程序',1,'个人','监控安装','2020年02月09日星期日19：44',NULL,'',0),(9,NULL,'','客户姓名','15023444458',NULL,'',1,'2020-02-10 15:30:42',2,'测试',1,NULL,'电脑维修','2020年02月19日12:00',NULL,'',0),(10,NULL,'','测试','15023444458',560.00,'',2,'2020-02-10 15:49:03',2,'来源',1,NULL,'电脑维修','2020年02月20日12:00',NULL,'',0),(11,NULL,'重庆市重庆市巴南区红光大道36栋24-3','测试','13996619180',NULL,'',0,'2020-02-10 17:06:08',NULL,'小程序',1,'个人','电脑维修','2020年02月10日星期一17：05',NULL,'',0),(12,7,'重庆市重庆市长寿区建新南路12121','测试','17353166851',NULL,'',0,'2020-02-10 23:38:59',NULL,'小程序',1,'个人','电脑维修','2020年02月10日星期一23：38',NULL,'',0),(13,NULL,'324',NULL,NULL,NULL,NULL,1,'2020-02-18 14:57:44',1,'小程序',1,NULL,NULL,NULL,NULL,'',0),(14,NULL,NULL,NULL,NULL,NULL,NULL,0,'2020-02-19 14:03:59',NULL,'小程序',1,NULL,NULL,NULL,NULL,'',0),(15,NULL,NULL,NULL,NULL,NULL,NULL,0,'2020-02-19 14:10:18',NULL,'小程序',1,NULL,NULL,NULL,NULL,'',0),(16,NULL,NULL,NULL,NULL,NULL,NULL,0,'2020-02-19 14:12:28',NULL,'小程序',1,NULL,NULL,NULL,NULL,'',1),(17,NULL,NULL,NULL,NULL,NULL,NULL,0,'2020-02-19 14:14:41',NULL,'小程序',1,NULL,NULL,NULL,NULL,'',1),(18,NULL,NULL,NULL,NULL,NULL,NULL,0,'2020-02-19 14:16:06',NULL,'小程序',1,NULL,NULL,NULL,NULL,'',1),(19,NULL,NULL,NULL,NULL,NULL,NULL,0,'2020-02-19 14:19:39',NULL,'小程序',1,NULL,NULL,NULL,NULL,'',1),(20,NULL,NULL,NULL,NULL,NULL,NULL,0,'2020-02-19 14:27:00',NULL,'小程序',1,NULL,NULL,NULL,NULL,'',0),(21,NULL,NULL,NULL,NULL,NULL,NULL,0,'2020-02-19 14:53:59',NULL,'小程序',1,NULL,NULL,NULL,NULL,'',3),(22,NULL,NULL,NULL,NULL,NULL,NULL,1,'2020-02-19 14:56:13',1,'小程序',1,NULL,NULL,NULL,NULL,'',3),(23,NULL,NULL,NULL,NULL,NULL,NULL,3,'2020-02-19 14:57:03',NULL,'小程序',1,NULL,NULL,NULL,NULL,'',3),(24,1,'重庆市渝中区人民支路96号问问','测试','17353166851',22.00,'',2,'2020-02-22 13:32:41',NULL,'小程序',1,'个人','电脑维修','2020年02月22日星期六13：24',NULL,'',0),(25,1,'重庆市渝中区人民支路96号我问问','测试','17353166852',22.00,'问问',2,'2020-02-22 13:41:53',1,'小程序',1,'个人','电脑维修','2020年02月22日星期六13：33',NULL,'',1),(26,9,'贵州省毕节市七星关区703县道东50米测试','李','17586547584',99.00,'',2,'2020-02-22 13:47:13',1,'小程序',1,'个人','修打印机','2020年02月22日星期六13：46',NULL,'',2),(27,1,'重庆市渝中区人民支路96号问问','测试','17353166985',NULL,'',2,'2020-02-22 19:21:13',NULL,'小程序',1,'个人','电脑维修','2020年02月22日星期六19：13',NULL,'',0),(28,9,'贵州省毕节市七星关区测是是是','李','15089575473',200.00,'',2,'2020-02-23 09:35:20',5,'小程序',1,'个人','修打印机','2020年02月23日星期日09：34','https://1haokx.com:8443/downloadFile/1/2/20200223/1582421720008.jpg','',0),(29,7,'贵州省毕节市七星关区测试','测试','15057697485',200.00,'',2,'2020-02-23 10:21:53',5,'小程序',1,'个人','电脑维修','2020年02月23日星期日10：21',NULL,'',0),(30,1,'重庆市渝中区人民支路96号问问','ce\'shi','17353166851',NULL,'',2,'2020-02-23 12:16:14',NULL,'小程序',1,'个人','电脑维修','2020年02月23日星期日12：07',NULL,'',0),(31,1,'重庆市渝中区人民支路96号问问w我','测试','17353166852',NULL,'',2,'2020-02-23 12:25:05',NULL,'小程序',1,'个人','电脑维修','2020年02月23日星期日12：15',NULL,'',0),(32,9,'贵州省毕节市七星关区测试','李','18575457858',22.00,'',2,'2020-02-23 12:34:24',1,'小程序',1,'个人','修打印机','2020年02月23日星期日12：34',NULL,'',22),(33,1,'重庆市重庆市长寿区建新南路12','测试','17353166851',22.00,'问问',2,'2020-02-23 12:57:51',1,'小程序',1,'个人','电脑维修','2020年02月23日星期日12：57','https://1haokx.com:8443/downloadFile/1/2/20200223/1582433871309.jpg','',2),(34,NULL,'测试','测试','17353166852',99.00,NULL,2,'2020-02-23 13:59:49',1,'转单',1,NULL,NULL,NULL,NULL,'',0),(35,9,'贵州省毕节市七星关区测试','李','15027548548',NULL,'',2,'2020-02-23 14:41:52',1,'小程序',1,'个人','修打印机','2020年02月23日星期日14：41',NULL,'',0),(36,14,'重庆市重庆市长寿区建新南路测试','测试','17353166852',55.00,'',2,'2020-02-25 14:50:07',1,'小程序',1,'个人','电脑维修','2020年02月25日星期二14：49',NULL,'',2);

#
# Structure for table "repair_detail"
#

CREATE TABLE `repair_detail` (
  `detail_id` int(11) NOT NULL AUTO_INCREMENT,
  `repair_id` int(11) DEFAULT NULL,
  `user_id` int(11) DEFAULT NULL,
  `user_name` varchar(40) DEFAULT NULL COMMENT '师傅姓名',
  `description` varchar(100) DEFAULT NULL COMMENT '描述',
  `finish_img` text COMMENT '完成图片',
  `create_time` datetime DEFAULT CURRENT_TIMESTAMP ON UPDATE CURRENT_TIMESTAMP,
  PRIMARY KEY (`detail_id`)
) ENGINE=InnoDB AUTO_INCREMENT=45 DEFAULT CHARSET=utf8 COMMENT='预约订单详情表';

#
# Data for table "repair_detail"
#

INSERT INTO `repair_detail` VALUES (1,1,2,'客户姓名','',NULL,'2020-02-10 20:12:06'),(2,2,2,'','一大堆',NULL,'2020-02-10 20:15:32'),(3,3,1,'有','消费10积分',NULL,'2020-02-19 14:46:18'),(4,4,2,'测试',NULL,NULL,'2020-02-08 21:52:29'),(11,6,4,'宋','测试',NULL,'2020-02-09 18:45:47'),(12,5,3,'有','',NULL,'2020-02-09 18:51:07'),(15,7,3,'有','',NULL,'2020-02-09 18:56:44'),(21,9,2,'＊ A修电脑维修出租复印机',NULL,NULL,'2020-02-10 16:31:07'),(25,8,2,'＊ A修电脑维修出租复印机',NULL,NULL,'2020-02-10 16:31:36'),(28,10,2,'＊ A修电脑维修出租复印机','测试是谁',NULL,'2020-02-10 20:14:51'),(29,13,1,'',NULL,NULL,'2020-02-18 15:07:27'),(30,22,1,'ces',NULL,NULL,'2020-02-19 15:19:34'),(32,25,1,'有','22',NULL,'2020-02-22 13:44:17'),(33,28,5,'11',NULL,NULL,'2020-02-23 09:37:32'),(34,29,5,'有',NULL,NULL,'2020-02-23 10:23:35'),(35,32,1,'有','',NULL,'2020-02-23 14:41:47'),(39,34,1,'有','测试','https://1haokx.com:8443/downloadFile/1/2/20200223/1582437589344.png','2020-02-23 14:34:49'),(41,35,1,'有','fffff',NULL,'2020-02-23 16:21:30'),(42,33,1,'有','2',NULL,'2020-02-23 17:59:05'),(43,26,1,'有','',NULL,'2020-02-23 18:03:24'),(44,36,1,'有','测试',NULL,'2020-02-25 14:53:05');

#
# Structure for table "service_list"
#

CREATE TABLE `service_list` (
  `service_id` int(11) NOT NULL AUTO_INCREMENT,
  `service_name` varchar(20) DEFAULT NULL,
  `description` varchar(100) DEFAULT NULL,
  `img` text,
  PRIMARY KEY (`service_id`)
) ENGINE=InnoDB AUTO_INCREMENT=9 DEFAULT CHARSET=utf8 COMMENT='服务列表';

#
# Data for table "service_list"
#

INSERT INTO `service_list` VALUES (1,'电脑维修',NULL,'https://1haokx.com:8443/downloadFile/1/2/20200208/1581146968729.png,https://1haokx.com:8443/downloadFile/1/2/20200208/1581145207680.png'),(2,'打印机维修',NULL,'https://1haokx.com:8443/downloadFile/1/2/20200208/1581146999702.png,https://1haokx.com:8443/downloadFile/1/2/20200208/1581145267271.png'),(3,'网络故障',NULL,'https://1haokx.com:8443/downloadFile/1/2/20200208/1581147047396.png,https://1haokx.com:8443/downloadFile/1/2/20200208/1581145337246.png'),(4,'复印机租赁',NULL,'https://1haokx.com:8443/downloadFile/1/2/20200208/1581147083976.png,https://1haokx.com:8443/downloadFile/1/2/20200208/1581145671491.png'),(5,'空调维修',NULL,'https://1haokx.com:8443/downloadFile/1/2/20200208/1581147126746.png,https://1haokx.com:8443/downloadFile/1/2/20200208/1581145440930.png'),(6,'监控网络安装',NULL,'https://1haokx.com:8443/downloadFile/1/2/20200208/1581147153260.png,https://1haokx.com:8443/downloadFile/1/2/20200208/1581145486431.png'),(7,'数据恢复',NULL,'https://1haokx.com:8443/downloadFile/1/2/20200208/1581147176178.png,https://1haokx.com:8443/downloadFile/1/2/20200208/1581145531402.png'),(8,'电脑回收升级',NULL,'https://1haokx.com:8443/downloadFile/1/2/20200208/1581147204047.png,https://1haokx.com:8443/downloadFile/1/2/20200208/1581145596492.png');

#
# Structure for table "stock"
#

CREATE TABLE `stock` (
  `stock_id` int(11) NOT NULL AUTO_INCREMENT,
  `name` varchar(40) DEFAULT NULL COMMENT '商品名称',
  `unity` varchar(6) DEFAULT NULL COMMENT '单位',
  `number` int(11) DEFAULT '0' COMMENT '数量',
  `price` decimal(10,2) DEFAULT '0.00' COMMENT '单价',
  `total_price` decimal(10,2) DEFAULT '0.00' COMMENT '总价',
  `creat_time` datetime DEFAULT CURRENT_TIMESTAMP,
  PRIMARY KEY (`stock_id`)
) ENGINE=InnoDB AUTO_INCREMENT=3 DEFAULT CHARSET=utf8 COMMENT='库存表';

#
# Data for table "stock"
#

INSERT INTO `stock` VALUES (1,'测试','个',11,1.00,11.00,'2020-02-19 15:15:35');

#
# Structure for table "stock_log"
#

CREATE TABLE `stock_log` (
  `log_id` int(11) NOT NULL AUTO_INCREMENT,
  `stock_id` int(11) DEFAULT NULL,
  `number` int(11) DEFAULT NULL COMMENT '数量',
  `in_out` varchar(4) DEFAULT '入库' COMMENT '出库/入库',
  `create_time` datetime DEFAULT CURRENT_TIMESTAMP,
  PRIMARY KEY (`log_id`)
) ENGINE=InnoDB AUTO_INCREMENT=3 DEFAULT CHARSET=utf8 COMMENT='库存记录表';

#
# Data for table "stock_log"
#

INSERT INTO `stock_log` VALUES (1,1,1,'入库','2020-02-19 15:15:51'),(2,1,1,'出库','2020-02-19 15:15:57');

#
# Structure for table "t_dict"
#

CREATE TABLE `t_dict` (
  `DICT_ID` bigint(20) NOT NULL AUTO_INCREMENT COMMENT '字典ID',
  `KEYY` bigint(20) NOT NULL COMMENT '键',
  `VALUEE` varchar(100) NOT NULL COMMENT '值',
  `FIELD_NAME` varchar(100) NOT NULL COMMENT '字段名称',
  `TABLE_NAME` varchar(100) NOT NULL COMMENT '表名',
  PRIMARY KEY (`DICT_ID`) USING BTREE,
  UNIQUE KEY `KEYY` (`KEYY`,`VALUEE`) USING BTREE
) ENGINE=InnoDB AUTO_INCREMENT=35 DEFAULT CHARSET=utf8 ROW_FORMAT=DYNAMIC;

#
# Data for table "t_dict"
#

INSERT INTO `t_dict` VALUES (1,0,'男','ssex','t_user'),(2,1,'女','ssex','t_user'),(3,2,'保密','ssex','t_user'),(4,1,'有效','status','t_user'),(5,0,'锁定','status','t_user'),(6,0,'菜单','type','t_menu'),(7,1,'按钮','type','t_menu'),(30,0,'正常','status','t_job'),(31,1,'暂停','status','t_job'),(32,0,'成功','status','t_job_log'),(33,1,'失败','status','t_job_log'),(34,4,'特殊','ssex','t_user');

#
# Structure for table "t_log"
#

CREATE TABLE `t_log` (
  `ID` bigint(20) NOT NULL AUTO_INCREMENT COMMENT '日志ID',
  `USERNAME` varchar(50) NOT NULL COMMENT '操作用户',
  `OPERATION` varchar(20) NOT NULL COMMENT '操作内容',
  `TIME` decimal(11,0) DEFAULT NULL COMMENT '耗时',
  `METHOD` text COMMENT '操作方法',
  `PARAMS` text COMMENT '方法参数',
  `IP` varchar(64) DEFAULT NULL COMMENT '操作者IP',
  `CREATE_TIME` datetime NOT NULL DEFAULT CURRENT_TIMESTAMP COMMENT '创建时间',
  `location` varchar(50) DEFAULT NULL COMMENT '操作地点',
  PRIMARY KEY (`ID`) USING BTREE,
  KEY `USERNAME` (`USERNAME`) USING BTREE,
  KEY `OPERATION` (`OPERATION`) USING BTREE,
  KEY `CREATE_TIME` (`CREATE_TIME`) USING BTREE
) ENGINE=InnoDB AUTO_INCREMENT=190 DEFAULT CHARSET=utf8 ROW_FORMAT=DYNAMIC;

#
# Data for table "t_log"
#

INSERT INTO `t_log` VALUES (1,'future','访问系统',6,'cc.mrbird.system.controller.LoginController.index()','user: \"User{userId=197, username=\'future\', password=\'d9ad2e77480c0bd1947d21d2246ef72b\', deptId=null, deptName=\'null\', email=\'\', mobile=\'\', status=\'1\', crateTime=Mon Jan 27 12:32:44 CST 2020, modifyTime=Sat Feb 08 14:48:26 CST 2020, lastLoginTime=Sat Feb 08 14:48:25 CST 2020, ssex=\'1\', theme=\'green\', avatar=\'default.jpg\', description=\'null\', roleName=\'开发人员\'}\"  org.springframework.validation.BindingResult.user: \"org.springframework.validation.BeanPropertyBindingResult: 0 errors\"','223.104.214.105','2020-02-08 16:08:05',''),(2,'future','访问系统',3,'cc.mrbird.system.controller.LoginController.index()','user: \"User{userId=197, username=\'future\', password=\'d9ad2e77480c0bd1947d21d2246ef72b\', deptId=null, deptName=\'null\', email=\'\', mobile=\'\', status=\'1\', crateTime=Mon Jan 27 12:32:44 CST 2020, modifyTime=Sat Feb 08 16:08:04 CST 2020, lastLoginTime=Sat Feb 08 16:08:04 CST 2020, ssex=\'1\', theme=\'green\', avatar=\'default.jpg\', description=\'null\', roleName=\'开发人员\'}\"  org.springframework.validation.BindingResult.user: \"org.springframework.validation.BeanPropertyBindingResult: 0 errors\"','223.104.214.105','2020-02-08 16:08:21',''),(3,'admin','访问系统',3,'cc.mrbird.system.controller.LoginController.index()','user: \"User{userId=198, username=\'admin\', password=\'1fedc5a36d03c185065dd2b323886aa5\', deptId=null, deptName=\'null\', email=\'\', mobile=\'\', status=\'1\', crateTime=Mon Jan 27 12:32:55 CST 2020, modifyTime=Fri Feb 07 23:09:44 CST 2020, lastLoginTime=Fri Feb 07 23:09:44 CST 2020, ssex=\'0\', theme=\'blue-grey\', avatar=\'default.jpg\', description=\'null\', roleName=\'管理员\'}\"  org.springframework.validation.BindingResult.user: \"org.springframework.validation.BeanPropertyBindingResult: 0 errors\"','223.104.214.105','2020-02-08 16:09:39',''),(4,'future','访问系统',4,'cc.mrbird.system.controller.LoginController.index()','user: \"User{userId=197, username=\'future\', password=\'d9ad2e77480c0bd1947d21d2246ef72b\', deptId=null, deptName=\'null\', email=\'\', mobile=\'\', status=\'1\', crateTime=Mon Jan 27 12:32:44 CST 2020, modifyTime=Sat Feb 08 14:48:26 CST 2020, lastLoginTime=Sat Feb 08 14:48:25 CST 2020, ssex=\'1\', theme=\'green\', avatar=\'default.jpg\', description=\'null\', roleName=\'开发人员\'}\"  org.springframework.validation.BindingResult.user: \"org.springframework.validation.BeanPropertyBindingResult: 0 errors\"','223.104.214.105','2020-02-08 16:10:01',''),(5,'future','访问系统',3,'cc.mrbird.system.controller.LoginController.index()','user: \"User{userId=197, username=\'future\', password=\'d9ad2e77480c0bd1947d21d2246ef72b\', deptId=null, deptName=\'null\', email=\'\', mobile=\'\', status=\'1\', crateTime=Mon Jan 27 12:32:44 CST 2020, modifyTime=Sat Feb 08 16:08:20 CST 2020, lastLoginTime=Sat Feb 08 16:08:20 CST 2020, ssex=\'1\', theme=\'green\', avatar=\'default.jpg\', description=\'null\', roleName=\'开发人员\'}\"  org.springframework.validation.BindingResult.user: \"org.springframework.validation.BeanPropertyBindingResult: 0 errors\"','223.104.214.105','2020-02-08 16:14:06',''),(6,'admin','访问系统',3,'cc.mrbird.system.controller.LoginController.index()','user: \"User{userId=198, username=\'admin\', password=\'1fedc5a36d03c185065dd2b323886aa5\', deptId=null, deptName=\'null\', email=\'\', mobile=\'\', status=\'1\', crateTime=Mon Jan 27 12:32:55 CST 2020, modifyTime=Sat Feb 08 16:09:38 CST 2020, lastLoginTime=Sat Feb 08 16:09:39 CST 2020, ssex=\'0\', theme=\'blue-grey\', avatar=\'default.jpg\', description=\'null\', roleName=\'管理员\'}\"  org.springframework.validation.BindingResult.user: \"org.springframework.validation.BeanPropertyBindingResult: 0 errors\"','125.85.50.8','2020-02-08 16:14:32',''),(7,'future','访问系统',3,'cc.mrbird.system.controller.LoginController.index()','user: \"User{userId=197, username=\'future\', password=\'d9ad2e77480c0bd1947d21d2246ef72b\', deptId=null, deptName=\'null\', email=\'\', mobile=\'\', status=\'1\', crateTime=Mon Jan 27 12:32:44 CST 2020, modifyTime=Sat Feb 08 16:14:05 CST 2020, lastLoginTime=Sat Feb 08 16:14:06 CST 2020, ssex=\'1\', theme=\'green\', avatar=\'default.jpg\', description=\'null\', roleName=\'开发人员\'}\"  org.springframework.validation.BindingResult.user: \"org.springframework.validation.BeanPropertyBindingResult: 0 errors\"','223.104.214.105','2020-02-08 16:17:31',''),(8,'future','获取在线用户信息',3,'cc.mrbird.system.controller.SessionController.online()','','223.104.214.105','2020-02-08 16:17:38',''),(9,'admin','访问系统',3,'cc.mrbird.system.controller.LoginController.index()','user: \"User{userId=198, username=\'admin\', password=\'1fedc5a36d03c185065dd2b323886aa5\', deptId=null, deptName=\'null\', email=\'\', mobile=\'\', status=\'1\', crateTime=Mon Jan 27 12:32:55 CST 2020, modifyTime=Sat Feb 08 16:14:32 CST 2020, lastLoginTime=Sat Feb 08 16:14:32 CST 2020, ssex=\'0\', theme=\'blue-grey\', avatar=\'default.jpg\', description=\'null\', roleName=\'管理员\'}\"  org.springframework.validation.BindingResult.user: \"org.springframework.validation.BeanPropertyBindingResult: 0 errors\"','125.85.50.8','2020-02-08 17:35:46',''),(10,'future','访问系统',2,'cc.mrbird.system.controller.LoginController.index()','user: \"User{userId=197, username=\'future\', password=\'d9ad2e77480c0bd1947d21d2246ef72b\', deptId=null, deptName=\'null\', email=\'\', mobile=\'\', status=\'1\', crateTime=Mon Jan 27 12:32:44 CST 2020, modifyTime=Sat Feb 08 16:17:30 CST 2020, lastLoginTime=Sat Feb 08 16:17:31 CST 2020, ssex=\'1\', theme=\'green\', avatar=\'default.jpg\', description=\'null\', roleName=\'开发人员\'}\"  org.springframework.validation.BindingResult.user: \"org.springframework.validation.BeanPropertyBindingResult: 0 errors\"','223.104.214.115','2020-02-08 18:15:45',''),(11,'future','访问系统',4,'cc.mrbird.system.controller.LoginController.index()','user: \"User{userId=197, username=\'future\', password=\'d9ad2e77480c0bd1947d21d2246ef72b\', deptId=null, deptName=\'null\', email=\'\', mobile=\'\', status=\'1\', crateTime=Mon Jan 27 12:32:44 CST 2020, modifyTime=Sat Feb 08 18:15:44 CST 2020, lastLoginTime=Sat Feb 08 18:15:45 CST 2020, ssex=\'1\', theme=\'green\', avatar=\'default.jpg\', description=\'null\', roleName=\'开发人员\'}\"  org.springframework.validation.BindingResult.user: \"org.springframework.validation.BeanPropertyBindingResult: 0 errors\"','223.104.214.115','2020-02-08 18:29:33',''),(12,'future','访问系统',4,'cc.mrbird.system.controller.LoginController.index()','user: \"User{userId=197, username=\'future\', password=\'d9ad2e77480c0bd1947d21d2246ef72b\', deptId=null, deptName=\'null\', email=\'\', mobile=\'\', status=\'1\', crateTime=Mon Jan 27 12:32:44 CST 2020, modifyTime=Sat Feb 08 18:15:44 CST 2020, lastLoginTime=Sat Feb 08 18:15:45 CST 2020, ssex=\'1\', theme=\'green\', avatar=\'default.jpg\', description=\'null\', roleName=\'开发人员\'}\"  org.springframework.validation.BindingResult.user: \"org.springframework.validation.BeanPropertyBindingResult: 0 errors\"','223.104.214.115','2020-02-08 18:42:00',''),(13,'future','访问系统',3,'cc.mrbird.system.controller.LoginController.index()','user: \"User{userId=197, username=\'future\', password=\'d9ad2e77480c0bd1947d21d2246ef72b\', deptId=null, deptName=\'null\', email=\'\', mobile=\'\', status=\'1\', crateTime=Mon Jan 27 12:32:44 CST 2020, modifyTime=Sat Feb 08 18:15:44 CST 2020, lastLoginTime=Sat Feb 08 18:15:45 CST 2020, ssex=\'1\', theme=\'green\', avatar=\'default.jpg\', description=\'null\', roleName=\'开发人员\'}\"  org.springframework.validation.BindingResult.user: \"org.springframework.validation.BeanPropertyBindingResult: 0 errors\"','223.104.214.115','2020-02-08 18:58:58',''),(14,'future','访问系统',158,'cc.mrbird.system.controller.LoginController.index()','user: \"User{userId=197, username=\'future\', password=\'d9ad2e77480c0bd1947d21d2246ef72b\', deptId=null, deptName=\'null\', email=\'\', mobile=\'\', status=\'1\', crateTime=Mon Jan 27 12:32:44 CST 2020, modifyTime=Sat Feb 08 18:29:33 CST 2020, lastLoginTime=Sat Feb 08 18:29:33 CST 2020, ssex=\'1\', theme=\'green\', avatar=\'default.jpg\', description=\'null\', roleName=\'开发人员\'}\"','192.168.153.1','2020-02-08 19:01:04',''),(15,'future','访问系统',210,'cc.mrbird.system.controller.LoginController.index()','user: \"User{userId=197, username=\'future\', password=\'d9ad2e77480c0bd1947d21d2246ef72b\', deptId=null, deptName=\'null\', email=\'\', mobile=\'\', status=\'1\', crateTime=Mon Jan 27 12:32:44 CST 2020, modifyTime=Sat Feb 08 18:29:33 CST 2020, lastLoginTime=Sat Feb 08 18:29:33 CST 2020, ssex=\'1\', theme=\'green\', avatar=\'default.jpg\', description=\'null\', roleName=\'开发人员\'}\"  org.springframework.validation.BindingResult.user: \"org.springframework.validation.BeanPropertyBindingResult: 0 errors\"','192.168.153.1','2020-02-08 19:02:34',''),(16,'future','访问系统',303,'cc.mrbird.system.controller.LoginController.index()','user: \"User{userId=197, username=\'future\', password=\'d9ad2e77480c0bd1947d21d2246ef72b\', deptId=null, deptName=\'null\', email=\'\', mobile=\'\', status=\'1\', crateTime=Mon Jan 27 12:32:44 CST 2020, modifyTime=Sat Feb 08 18:29:33 CST 2020, lastLoginTime=Sat Feb 08 18:29:33 CST 2020, ssex=\'1\', theme=\'green\', avatar=\'default.jpg\', description=\'null\', roleName=\'开发人员\'}\"','192.168.153.1','2020-02-08 19:09:11',''),(17,'future','访问系统',184,'cc.mrbird.system.controller.LoginController.index()','user: \"User{userId=197, username=\'future\', password=\'d9ad2e77480c0bd1947d21d2246ef72b\', deptId=null, deptName=\'null\', email=\'\', mobile=\'\', status=\'1\', crateTime=Mon Jan 27 12:32:44 CST 2020, modifyTime=Sat Feb 08 18:29:33 CST 2020, lastLoginTime=Sat Feb 08 18:29:33 CST 2020, ssex=\'1\', theme=\'green\', avatar=\'default.jpg\', description=\'null\', roleName=\'开发人员\'}\"  org.springframework.validation.BindingResult.user: \"org.springframework.validation.BeanPropertyBindingResult: 0 errors\"','192.168.153.1','2020-02-08 19:15:09',''),(18,'future','访问系统',103,'cc.mrbird.system.controller.LoginController.index()','user: \"User{userId=197, username=\'future\', password=\'d9ad2e77480c0bd1947d21d2246ef72b\', deptId=null, deptName=\'null\', email=\'\', mobile=\'\', status=\'1\', crateTime=Mon Jan 27 12:32:44 CST 2020, modifyTime=Sat Feb 08 18:29:33 CST 2020, lastLoginTime=Sat Feb 08 18:29:33 CST 2020, ssex=\'1\', theme=\'green\', avatar=\'default.jpg\', description=\'null\', roleName=\'开发人员\'}\"  org.springframework.validation.BindingResult.user: \"org.springframework.validation.BeanPropertyBindingResult: 0 errors\"','192.168.153.1','2020-02-08 19:16:06',''),(19,'future','访问系统',208,'cc.mrbird.system.controller.LoginController.index()','user: \"User{userId=197, username=\'future\', password=\'d9ad2e77480c0bd1947d21d2246ef72b\', deptId=null, deptName=\'null\', email=\'\', mobile=\'\', status=\'1\', crateTime=Mon Jan 27 12:32:44 CST 2020, modifyTime=Sat Feb 08 18:29:33 CST 2020, lastLoginTime=Sat Feb 08 18:29:33 CST 2020, ssex=\'1\', theme=\'green\', avatar=\'default.jpg\', description=\'null\', roleName=\'开发人员\'}\"  org.springframework.validation.BindingResult.user: \"org.springframework.validation.BeanPropertyBindingResult: 0 errors\"','192.168.153.1','2020-02-08 19:18:36',''),(20,'future','访问系统',11301,'cc.mrbird.system.controller.LoginController.index()','user: \"User{userId=197, username=\'future\', password=\'d9ad2e77480c0bd1947d21d2246ef72b\', deptId=null, deptName=\'null\', email=\'\', mobile=\'\', status=\'1\', crateTime=Mon Jan 27 12:32:44 CST 2020, modifyTime=Sat Feb 08 18:29:33 CST 2020, lastLoginTime=Sat Feb 08 18:29:33 CST 2020, ssex=\'1\', theme=\'green\', avatar=\'default.jpg\', description=\'null\', roleName=\'开发人员\'}\"  org.springframework.validation.BindingResult.user: \"org.springframework.validation.BeanPropertyBindingResult: 0 errors\"','192.168.153.1','2020-02-08 19:42:57',''),(21,'future','访问系统',182,'cc.mrbird.system.controller.LoginController.index()','user: \"User{userId=197, username=\'future\', password=\'d9ad2e77480c0bd1947d21d2246ef72b\', deptId=null, deptName=\'null\', email=\'\', mobile=\'\', status=\'1\', crateTime=Mon Jan 27 12:32:44 CST 2020, modifyTime=Sat Feb 08 18:29:33 CST 2020, lastLoginTime=Sat Feb 08 18:29:33 CST 2020, ssex=\'1\', theme=\'green\', avatar=\'default.jpg\', description=\'null\', roleName=\'开发人员\'}\"  org.springframework.validation.BindingResult.user: \"org.springframework.validation.BeanPropertyBindingResult: 0 errors\"','192.168.153.1','2020-02-08 19:46:15',''),(22,'future','访问系统',186,'cc.mrbird.system.controller.LoginController.index()','user: \"User{userId=197, username=\'future\', password=\'d9ad2e77480c0bd1947d21d2246ef72b\', deptId=null, deptName=\'null\', email=\'\', mobile=\'\', status=\'1\', crateTime=Mon Jan 27 12:32:44 CST 2020, modifyTime=Sat Feb 08 18:29:33 CST 2020, lastLoginTime=Sat Feb 08 18:29:33 CST 2020, ssex=\'1\', theme=\'green\', avatar=\'default.jpg\', description=\'null\', roleName=\'开发人员\'}\"  org.springframework.validation.BindingResult.user: \"org.springframework.validation.BeanPropertyBindingResult: 0 errors\"','192.168.153.1','2020-02-08 19:49:04',''),(23,'future','访问系统',117,'cc.mrbird.system.controller.LoginController.index()','user: \"User{userId=197, username=\'future\', password=\'d9ad2e77480c0bd1947d21d2246ef72b\', deptId=null, deptName=\'null\', email=\'\', mobile=\'\', status=\'1\', crateTime=Mon Jan 27 12:32:44 CST 2020, modifyTime=Sat Feb 08 18:29:33 CST 2020, lastLoginTime=Sat Feb 08 18:29:33 CST 2020, ssex=\'1\', theme=\'green\', avatar=\'default.jpg\', description=\'null\', roleName=\'开发人员\'}\"  org.springframework.validation.BindingResult.user: \"org.springframework.validation.BeanPropertyBindingResult: 0 errors\"','192.168.153.1','2020-02-08 19:49:53',''),(24,'future','访问系统',9016,'cc.mrbird.system.controller.LoginController.index()','user: \"User{userId=197, username=\'future\', password=\'d9ad2e77480c0bd1947d21d2246ef72b\', deptId=null, deptName=\'null\', email=\'\', mobile=\'\', status=\'1\', crateTime=Mon Jan 27 12:32:44 CST 2020, modifyTime=Sat Feb 08 18:29:33 CST 2020, lastLoginTime=Sat Feb 08 18:29:33 CST 2020, ssex=\'1\', theme=\'green\', avatar=\'default.jpg\', description=\'null\', roleName=\'开发人员\'}\"  org.springframework.validation.BindingResult.user: \"org.springframework.validation.BeanPropertyBindingResult: 0 errors\"','192.168.153.1','2020-02-08 19:52:54',''),(25,'future','访问系统',8027,'cc.mrbird.system.controller.LoginController.index()','user: \"User{userId=197, username=\'future\', password=\'d9ad2e77480c0bd1947d21d2246ef72b\', deptId=null, deptName=\'null\', email=\'\', mobile=\'\', status=\'1\', crateTime=Mon Jan 27 12:32:44 CST 2020, modifyTime=Sat Feb 08 18:29:33 CST 2020, lastLoginTime=Sat Feb 08 18:29:33 CST 2020, ssex=\'1\', theme=\'green\', avatar=\'default.jpg\', description=\'null\', roleName=\'开发人员\'}\"  org.springframework.validation.BindingResult.user: \"org.springframework.validation.BeanPropertyBindingResult: 0 errors\"','192.168.153.1','2020-02-08 19:54:37',''),(26,'future','访问系统',14449,'cc.mrbird.system.controller.LoginController.index()','user: \"User{userId=197, username=\'future\', password=\'d9ad2e77480c0bd1947d21d2246ef72b\', deptId=null, deptName=\'null\', email=\'\', mobile=\'\', status=\'1\', crateTime=Mon Jan 27 12:32:44 CST 2020, modifyTime=Sat Feb 08 18:29:33 CST 2020, lastLoginTime=Sat Feb 08 18:29:33 CST 2020, ssex=\'1\', theme=\'green\', avatar=\'default.jpg\', description=\'null\', roleName=\'开发人员\'}\"  org.springframework.validation.BindingResult.user: \"org.springframework.validation.BeanPropertyBindingResult: 0 errors\"','192.168.153.1','2020-02-08 19:56:15',''),(27,'future','访问系统',672,'cc.mrbird.system.controller.LoginController.index()','user: \"User{userId=197, username=\'future\', password=\'d9ad2e77480c0bd1947d21d2246ef72b\', deptId=null, deptName=\'null\', email=\'\', mobile=\'\', status=\'1\', crateTime=Mon Jan 27 12:32:44 CST 2020, modifyTime=Sat Feb 08 18:29:33 CST 2020, lastLoginTime=Sat Feb 08 18:29:33 CST 2020, ssex=\'1\', theme=\'green\', avatar=\'default.jpg\', description=\'null\', roleName=\'开发人员\'}\"  org.springframework.validation.BindingResult.user: \"org.springframework.validation.BeanPropertyBindingResult: 0 errors\"','192.168.153.1','2020-02-08 19:58:22',''),(28,'future','访问系统',43903,'cc.mrbird.system.controller.LoginController.index()','user: \"User{userId=197, username=\'future\', password=\'d9ad2e77480c0bd1947d21d2246ef72b\', deptId=null, deptName=\'null\', email=\'\', mobile=\'\', status=\'1\', crateTime=Mon Jan 27 12:32:44 CST 2020, modifyTime=Sat Feb 08 18:29:33 CST 2020, lastLoginTime=Sat Feb 08 18:29:33 CST 2020, ssex=\'1\', theme=\'green\', avatar=\'default.jpg\', description=\'null\', roleName=\'开发人员\'}\"  org.springframework.validation.BindingResult.user: \"org.springframework.validation.BeanPropertyBindingResult: 0 errors\"','192.168.153.1','2020-02-08 20:01:49',''),(29,'future','访问系统',372,'cc.mrbird.system.controller.LoginController.index()','user: \"User{userId=197, username=\'future\', password=\'d9ad2e77480c0bd1947d21d2246ef72b\', deptId=null, deptName=\'null\', email=\'\', mobile=\'\', status=\'1\', crateTime=Mon Jan 27 12:32:44 CST 2020, modifyTime=Sat Feb 08 18:29:33 CST 2020, lastLoginTime=Sat Feb 08 18:29:33 CST 2020, ssex=\'1\', theme=\'green\', avatar=\'default.jpg\', description=\'null\', roleName=\'开发人员\'}\"','192.168.153.1','2020-02-08 20:07:44',''),(30,'future','访问系统',46185,'cc.mrbird.system.controller.LoginController.index()','user: \"User{userId=197, username=\'future\', password=\'d9ad2e77480c0bd1947d21d2246ef72b\', deptId=null, deptName=\'null\', email=\'\', mobile=\'\', status=\'1\', crateTime=Mon Jan 27 12:32:44 CST 2020, modifyTime=Sat Feb 08 18:29:33 CST 2020, lastLoginTime=Sat Feb 08 18:29:33 CST 2020, ssex=\'1\', theme=\'green\', avatar=\'default.jpg\', description=\'null\', roleName=\'开发人员\'}\"  org.springframework.validation.BindingResult.user: \"org.springframework.validation.BeanPropertyBindingResult: 0 errors\"','192.168.153.1','2020-02-08 20:12:10',''),(31,'future','访问系统',170,'cc.mrbird.system.controller.LoginController.index()','user: \"User{userId=197, username=\'future\', password=\'d9ad2e77480c0bd1947d21d2246ef72b\', deptId=null, deptName=\'null\', email=\'\', mobile=\'\', status=\'1\', crateTime=Mon Jan 27 12:32:44 CST 2020, modifyTime=Sat Feb 08 18:29:33 CST 2020, lastLoginTime=Sat Feb 08 18:29:33 CST 2020, ssex=\'1\', theme=\'green\', avatar=\'default.jpg\', description=\'null\', roleName=\'开发人员\'}\"  org.springframework.validation.BindingResult.user: \"org.springframework.validation.BeanPropertyBindingResult: 0 errors\"','192.168.153.1','2020-02-08 20:13:43',''),(32,'future','访问系统',186,'cc.mrbird.system.controller.LoginController.index()','user: \"User{userId=197, username=\'future\', password=\'d9ad2e77480c0bd1947d21d2246ef72b\', deptId=null, deptName=\'null\', email=\'\', mobile=\'\', status=\'1\', crateTime=Mon Jan 27 12:32:44 CST 2020, modifyTime=Sat Feb 08 18:29:33 CST 2020, lastLoginTime=Sat Feb 08 18:29:33 CST 2020, ssex=\'1\', theme=\'green\', avatar=\'default.jpg\', description=\'null\', roleName=\'开发人员\'}\"  org.springframework.validation.BindingResult.user: \"org.springframework.validation.BeanPropertyBindingResult: 0 errors\"','192.168.153.1','2020-02-08 20:16:25',''),(33,'future','访问系统',393,'cc.mrbird.system.controller.LoginController.index()','user: \"User{userId=197, username=\'future\', password=\'d9ad2e77480c0bd1947d21d2246ef72b\', deptId=null, deptName=\'null\', email=\'\', mobile=\'\', status=\'1\', crateTime=Mon Jan 27 12:32:44 CST 2020, modifyTime=Sat Feb 08 18:29:33 CST 2020, lastLoginTime=Sat Feb 08 18:29:33 CST 2020, ssex=\'1\', theme=\'green\', avatar=\'default.jpg\', description=\'null\', roleName=\'开发人员\'}\"','192.168.153.1','2020-02-08 20:34:56',''),(34,'future','访问系统',178,'cc.mrbird.system.controller.LoginController.index()','user: \"User{userId=197, username=\'future\', password=\'d9ad2e77480c0bd1947d21d2246ef72b\', deptId=null, deptName=\'null\', email=\'\', mobile=\'\', status=\'1\', crateTime=Mon Jan 27 12:32:44 CST 2020, modifyTime=Sat Feb 08 18:29:33 CST 2020, lastLoginTime=Sat Feb 08 18:29:33 CST 2020, ssex=\'1\', theme=\'green\', avatar=\'default.jpg\', description=\'null\', roleName=\'开发人员\'}\"  org.springframework.validation.BindingResult.user: \"org.springframework.validation.BeanPropertyBindingResult: 0 errors\"','192.168.153.1','2020-02-08 20:36:04',''),(35,'future','访问系统',185,'cc.mrbird.system.controller.LoginController.index()','user: \"User{userId=197, username=\'future\', password=\'d9ad2e77480c0bd1947d21d2246ef72b\', deptId=null, deptName=\'null\', email=\'\', mobile=\'\', status=\'1\', crateTime=Mon Jan 27 12:32:44 CST 2020, modifyTime=Sat Feb 08 18:29:33 CST 2020, lastLoginTime=Sat Feb 08 18:29:33 CST 2020, ssex=\'1\', theme=\'green\', avatar=\'default.jpg\', description=\'null\', roleName=\'开发人员\'}\"','192.168.153.1','2020-02-08 20:40:40',''),(36,'future','访问系统',101,'cc.mrbird.system.controller.LoginController.index()','user: \"User{userId=197, username=\'future\', password=\'d9ad2e77480c0bd1947d21d2246ef72b\', deptId=null, deptName=\'null\', email=\'\', mobile=\'\', status=\'1\', crateTime=Mon Jan 27 12:32:44 CST 2020, modifyTime=Sat Feb 08 18:29:33 CST 2020, lastLoginTime=Sat Feb 08 18:29:33 CST 2020, ssex=\'1\', theme=\'green\', avatar=\'default.jpg\', description=\'null\', roleName=\'开发人员\'}\"  org.springframework.validation.BindingResult.user: \"org.springframework.validation.BeanPropertyBindingResult: 0 errors\"','192.168.153.1','2020-02-08 20:43:12',''),(37,'future','访问系统',93,'cc.mrbird.system.controller.LoginController.index()','user: \"User{userId=197, username=\'future\', password=\'d9ad2e77480c0bd1947d21d2246ef72b\', deptId=null, deptName=\'null\', email=\'\', mobile=\'\', status=\'1\', crateTime=Mon Jan 27 12:32:44 CST 2020, modifyTime=Sat Feb 08 18:29:33 CST 2020, lastLoginTime=Sat Feb 08 18:29:33 CST 2020, ssex=\'1\', theme=\'green\', avatar=\'default.jpg\', description=\'null\', roleName=\'开发人员\'}\"  org.springframework.validation.BindingResult.user: \"org.springframework.validation.BeanPropertyBindingResult: 0 errors\"','192.168.153.1','2020-02-08 20:44:01',''),(38,'future','访问系统',98,'cc.mrbird.system.controller.LoginController.index()','user: \"User{userId=197, username=\'future\', password=\'d9ad2e77480c0bd1947d21d2246ef72b\', deptId=null, deptName=\'null\', email=\'\', mobile=\'\', status=\'1\', crateTime=Mon Jan 27 12:32:44 CST 2020, modifyTime=Sat Feb 08 18:29:33 CST 2020, lastLoginTime=Sat Feb 08 18:29:33 CST 2020, ssex=\'1\', theme=\'green\', avatar=\'default.jpg\', description=\'null\', roleName=\'开发人员\'}\"  org.springframework.validation.BindingResult.user: \"org.springframework.validation.BeanPropertyBindingResult: 0 errors\"','192.168.153.1','2020-02-08 20:45:13',''),(39,'future','访问系统',98,'cc.mrbird.system.controller.LoginController.index()','user: \"User{userId=197, username=\'future\', password=\'d9ad2e77480c0bd1947d21d2246ef72b\', deptId=null, deptName=\'null\', email=\'\', mobile=\'\', status=\'1\', crateTime=Mon Jan 27 12:32:44 CST 2020, modifyTime=Sat Feb 08 18:29:33 CST 2020, lastLoginTime=Sat Feb 08 18:29:33 CST 2020, ssex=\'1\', theme=\'green\', avatar=\'default.jpg\', description=\'null\', roleName=\'开发人员\'}\"  org.springframework.validation.BindingResult.user: \"org.springframework.validation.BeanPropertyBindingResult: 0 errors\"','192.168.153.1','2020-02-08 20:45:33',''),(40,'future','访问系统',102,'cc.mrbird.system.controller.LoginController.index()','user: \"User{userId=197, username=\'future\', password=\'d9ad2e77480c0bd1947d21d2246ef72b\', deptId=null, deptName=\'null\', email=\'\', mobile=\'\', status=\'1\', crateTime=Mon Jan 27 12:32:44 CST 2020, modifyTime=Sat Feb 08 18:29:33 CST 2020, lastLoginTime=Sat Feb 08 18:29:33 CST 2020, ssex=\'1\', theme=\'green\', avatar=\'default.jpg\', description=\'null\', roleName=\'开发人员\'}\"  org.springframework.validation.BindingResult.user: \"org.springframework.validation.BeanPropertyBindingResult: 0 errors\"','192.168.153.1','2020-02-08 20:47:58',''),(41,'future','访问系统',196,'cc.mrbird.system.controller.LoginController.index()','user: \"User{userId=197, username=\'future\', password=\'d9ad2e77480c0bd1947d21d2246ef72b\', deptId=null, deptName=\'null\', email=\'\', mobile=\'\', status=\'1\', crateTime=Mon Jan 27 12:32:44 CST 2020, modifyTime=Sat Feb 08 18:29:33 CST 2020, lastLoginTime=Sat Feb 08 18:29:33 CST 2020, ssex=\'1\', theme=\'green\', avatar=\'default.jpg\', description=\'null\', roleName=\'开发人员\'}\"  org.springframework.validation.BindingResult.user: \"org.springframework.validation.BeanPropertyBindingResult: 0 errors\"','192.168.153.1','2020-02-08 20:49:51',''),(42,'future','访问系统',189,'cc.mrbird.system.controller.LoginController.index()','user: \"User{userId=197, username=\'future\', password=\'d9ad2e77480c0bd1947d21d2246ef72b\', deptId=null, deptName=\'null\', email=\'\', mobile=\'\', status=\'1\', crateTime=Mon Jan 27 12:32:44 CST 2020, modifyTime=Sat Feb 08 18:29:33 CST 2020, lastLoginTime=Sat Feb 08 18:29:33 CST 2020, ssex=\'1\', theme=\'green\', avatar=\'default.jpg\', description=\'null\', roleName=\'开发人员\'}\"  org.springframework.validation.BindingResult.user: \"org.springframework.validation.BeanPropertyBindingResult: 0 errors\"','192.168.153.1','2020-02-08 20:55:33',''),(43,'future','访问系统',186,'cc.mrbird.system.controller.LoginController.index()','user: \"User{userId=197, username=\'future\', password=\'d9ad2e77480c0bd1947d21d2246ef72b\', deptId=null, deptName=\'null\', email=\'\', mobile=\'\', status=\'1\', crateTime=Mon Jan 27 12:32:44 CST 2020, modifyTime=Sat Feb 08 18:29:33 CST 2020, lastLoginTime=Sat Feb 08 18:29:33 CST 2020, ssex=\'1\', theme=\'green\', avatar=\'default.jpg\', description=\'null\', roleName=\'开发人员\'}\"  org.springframework.validation.BindingResult.user: \"org.springframework.validation.BeanPropertyBindingResult: 0 errors\"','192.168.153.1','2020-02-08 21:01:09',''),(44,'future','访问系统',184,'cc.mrbird.system.controller.LoginController.index()','user: \"User{userId=197, username=\'future\', password=\'d9ad2e77480c0bd1947d21d2246ef72b\', deptId=null, deptName=\'null\', email=\'\', mobile=\'\', status=\'1\', crateTime=Mon Jan 27 12:32:44 CST 2020, modifyTime=Sat Feb 08 18:29:33 CST 2020, lastLoginTime=Sat Feb 08 18:29:33 CST 2020, ssex=\'1\', theme=\'green\', avatar=\'default.jpg\', description=\'null\', roleName=\'开发人员\'}\"  org.springframework.validation.BindingResult.user: \"org.springframework.validation.BeanPropertyBindingResult: 0 errors\"','192.168.153.1','2020-02-08 21:02:16',''),(45,'future','访问系统',103,'cc.mrbird.system.controller.LoginController.index()','user: \"User{userId=197, username=\'future\', password=\'d9ad2e77480c0bd1947d21d2246ef72b\', deptId=null, deptName=\'null\', email=\'\', mobile=\'\', status=\'1\', crateTime=Mon Jan 27 12:32:44 CST 2020, modifyTime=Sat Feb 08 18:29:33 CST 2020, lastLoginTime=Sat Feb 08 18:29:33 CST 2020, ssex=\'1\', theme=\'green\', avatar=\'default.jpg\', description=\'null\', roleName=\'开发人员\'}\"  org.springframework.validation.BindingResult.user: \"org.springframework.validation.BeanPropertyBindingResult: 0 errors\"','192.168.153.1','2020-02-08 21:03:01',''),(46,'future','访问系统',175,'cc.mrbird.system.controller.LoginController.index()','user: \"User{userId=197, username=\'future\', password=\'d9ad2e77480c0bd1947d21d2246ef72b\', deptId=null, deptName=\'null\', email=\'\', mobile=\'\', status=\'1\', crateTime=Mon Jan 27 12:32:44 CST 2020, modifyTime=Sat Feb 08 18:29:33 CST 2020, lastLoginTime=Sat Feb 08 18:29:33 CST 2020, ssex=\'1\', theme=\'green\', avatar=\'default.jpg\', description=\'null\', roleName=\'开发人员\'}\"  org.springframework.validation.BindingResult.user: \"org.springframework.validation.BeanPropertyBindingResult: 0 errors\"','192.168.153.1','2020-02-08 21:05:05',''),(47,'future','访问系统',207,'cc.mrbird.system.controller.LoginController.index()','user: \"User{userId=197, username=\'future\', password=\'d9ad2e77480c0bd1947d21d2246ef72b\', deptId=null, deptName=\'null\', email=\'\', mobile=\'\', status=\'1\', crateTime=Mon Jan 27 12:32:44 CST 2020, modifyTime=Sat Feb 08 18:29:33 CST 2020, lastLoginTime=Sat Feb 08 18:29:33 CST 2020, ssex=\'1\', theme=\'green\', avatar=\'default.jpg\', description=\'null\', roleName=\'开发人员\'}\"  org.springframework.validation.BindingResult.user: \"org.springframework.validation.BeanPropertyBindingResult: 0 errors\"','192.168.153.1','2020-02-08 21:10:14',''),(48,'future','访问系统',178,'cc.mrbird.system.controller.LoginController.index()','user: \"User{userId=197, username=\'future\', password=\'d9ad2e77480c0bd1947d21d2246ef72b\', deptId=null, deptName=\'null\', email=\'\', mobile=\'\', status=\'1\', crateTime=Mon Jan 27 12:32:44 CST 2020, modifyTime=Sat Feb 08 18:29:33 CST 2020, lastLoginTime=Sat Feb 08 18:29:33 CST 2020, ssex=\'1\', theme=\'green\', avatar=\'default.jpg\', description=\'null\', roleName=\'开发人员\'}\"  org.springframework.validation.BindingResult.user: \"org.springframework.validation.BeanPropertyBindingResult: 0 errors\"','192.168.153.1','2020-02-08 21:12:26',''),(49,'future','访问系统',572,'cc.mrbird.system.controller.LoginController.index()','user: \"User{userId=197, username=\'future\', password=\'d9ad2e77480c0bd1947d21d2246ef72b\', deptId=null, deptName=\'null\', email=\'\', mobile=\'\', status=\'1\', crateTime=Mon Jan 27 12:32:44 CST 2020, modifyTime=Sat Feb 08 18:29:33 CST 2020, lastLoginTime=Sat Feb 08 18:29:33 CST 2020, ssex=\'1\', theme=\'green\', avatar=\'default.jpg\', description=\'null\', roleName=\'开发人员\'}\"  org.springframework.validation.BindingResult.user: \"org.springframework.validation.BeanPropertyBindingResult: 0 errors\"','192.168.153.1','2020-02-08 21:12:47',''),(50,'future','访问系统',277,'cc.mrbird.system.controller.LoginController.index()','user: \"User{userId=197, username=\'future\', password=\'d9ad2e77480c0bd1947d21d2246ef72b\', deptId=null, deptName=\'null\', email=\'\', mobile=\'\', status=\'1\', crateTime=Mon Jan 27 12:32:44 CST 2020, modifyTime=Sat Feb 08 18:29:33 CST 2020, lastLoginTime=Sat Feb 08 18:29:33 CST 2020, ssex=\'1\', theme=\'green\', avatar=\'default.jpg\', description=\'null\', roleName=\'开发人员\'}\"  org.springframework.validation.BindingResult.user: \"org.springframework.validation.BeanPropertyBindingResult: 0 errors\"','192.168.153.1','2020-02-08 21:13:18',''),(51,'future','访问系统',106,'cc.mrbird.system.controller.LoginController.index()','user: \"User{userId=197, username=\'future\', password=\'d9ad2e77480c0bd1947d21d2246ef72b\', deptId=null, deptName=\'null\', email=\'\', mobile=\'\', status=\'1\', crateTime=Mon Jan 27 12:32:44 CST 2020, modifyTime=Sat Feb 08 18:29:33 CST 2020, lastLoginTime=Sat Feb 08 18:29:33 CST 2020, ssex=\'1\', theme=\'green\', avatar=\'default.jpg\', description=\'null\', roleName=\'开发人员\'}\"  org.springframework.validation.BindingResult.user: \"org.springframework.validation.BeanPropertyBindingResult: 0 errors\"','192.168.153.1','2020-02-08 21:13:45',''),(52,'future','访问系统',104,'cc.mrbird.system.controller.LoginController.index()','user: \"User{userId=197, username=\'future\', password=\'d9ad2e77480c0bd1947d21d2246ef72b\', deptId=null, deptName=\'null\', email=\'\', mobile=\'\', status=\'1\', crateTime=Mon Jan 27 12:32:44 CST 2020, modifyTime=Sat Feb 08 18:29:33 CST 2020, lastLoginTime=Sat Feb 08 18:29:33 CST 2020, ssex=\'1\', theme=\'green\', avatar=\'default.jpg\', description=\'null\', roleName=\'开发人员\'}\"  org.springframework.validation.BindingResult.user: \"org.springframework.validation.BeanPropertyBindingResult: 0 errors\"','192.168.153.1','2020-02-08 21:14:18',''),(53,'future','访问系统',103,'cc.mrbird.system.controller.LoginController.index()','user: \"User{userId=197, username=\'future\', password=\'d9ad2e77480c0bd1947d21d2246ef72b\', deptId=null, deptName=\'null\', email=\'\', mobile=\'\', status=\'1\', crateTime=Mon Jan 27 12:32:44 CST 2020, modifyTime=Sat Feb 08 18:29:33 CST 2020, lastLoginTime=Sat Feb 08 18:29:33 CST 2020, ssex=\'1\', theme=\'green\', avatar=\'default.jpg\', description=\'null\', roleName=\'开发人员\'}\"  org.springframework.validation.BindingResult.user: \"org.springframework.validation.BeanPropertyBindingResult: 0 errors\"','192.168.153.1','2020-02-08 21:14:25',''),(54,'future','访问系统',110,'cc.mrbird.system.controller.LoginController.index()','user: \"User{userId=197, username=\'future\', password=\'d9ad2e77480c0bd1947d21d2246ef72b\', deptId=null, deptName=\'null\', email=\'\', mobile=\'\', status=\'1\', crateTime=Mon Jan 27 12:32:44 CST 2020, modifyTime=Sat Feb 08 18:29:33 CST 2020, lastLoginTime=Sat Feb 08 18:29:33 CST 2020, ssex=\'1\', theme=\'green\', avatar=\'default.jpg\', description=\'null\', roleName=\'开发人员\'}\"  org.springframework.validation.BindingResult.user: \"org.springframework.validation.BeanPropertyBindingResult: 0 errors\"','192.168.153.1','2020-02-08 21:14:38',''),(55,'future','访问系统',159,'cc.mrbird.system.controller.LoginController.index()','user: \"User{userId=197, username=\'future\', password=\'d9ad2e77480c0bd1947d21d2246ef72b\', deptId=null, deptName=\'null\', email=\'\', mobile=\'\', status=\'1\', crateTime=Mon Jan 27 12:32:44 CST 2020, modifyTime=Sat Feb 08 18:29:33 CST 2020, lastLoginTime=Sat Feb 08 18:29:33 CST 2020, ssex=\'1\', theme=\'green\', avatar=\'default.jpg\', description=\'null\', roleName=\'开发人员\'}\"  org.springframework.validation.BindingResult.user: \"org.springframework.validation.BeanPropertyBindingResult: 0 errors\"','192.168.153.1','2020-02-08 21:16:39',''),(56,'future','访问系统',142,'cc.mrbird.system.controller.LoginController.index()','user: \"User{userId=197, username=\'future\', password=\'d9ad2e77480c0bd1947d21d2246ef72b\', deptId=null, deptName=\'null\', email=\'\', mobile=\'\', status=\'1\', crateTime=Mon Jan 27 12:32:44 CST 2020, modifyTime=Sat Feb 08 18:29:33 CST 2020, lastLoginTime=Sat Feb 08 18:29:33 CST 2020, ssex=\'1\', theme=\'green\', avatar=\'default.jpg\', description=\'null\', roleName=\'开发人员\'}\"  org.springframework.validation.BindingResult.user: \"org.springframework.validation.BeanPropertyBindingResult: 0 errors\"','192.168.153.1','2020-02-08 21:17:03',''),(57,'future','访问系统',105,'cc.mrbird.system.controller.LoginController.index()','user: \"User{userId=197, username=\'future\', password=\'d9ad2e77480c0bd1947d21d2246ef72b\', deptId=null, deptName=\'null\', email=\'\', mobile=\'\', status=\'1\', crateTime=Mon Jan 27 12:32:44 CST 2020, modifyTime=Sat Feb 08 18:29:33 CST 2020, lastLoginTime=Sat Feb 08 18:29:33 CST 2020, ssex=\'1\', theme=\'green\', avatar=\'default.jpg\', description=\'null\', roleName=\'开发人员\'}\"  org.springframework.validation.BindingResult.user: \"org.springframework.validation.BeanPropertyBindingResult: 0 errors\"','192.168.153.1','2020-02-08 21:17:39',''),(58,'future','访问系统',243,'cc.mrbird.system.controller.LoginController.index()','user: \"User{userId=197, username=\'future\', password=\'d9ad2e77480c0bd1947d21d2246ef72b\', deptId=null, deptName=\'null\', email=\'\', mobile=\'\', status=\'1\', crateTime=Mon Jan 27 12:32:44 CST 2020, modifyTime=Sat Feb 08 18:29:33 CST 2020, lastLoginTime=Sat Feb 08 18:29:33 CST 2020, ssex=\'1\', theme=\'green\', avatar=\'default.jpg\', description=\'null\', roleName=\'开发人员\'}\"  org.springframework.validation.BindingResult.user: \"org.springframework.validation.BeanPropertyBindingResult: 0 errors\"','192.168.153.1','2020-02-08 21:20:02',''),(59,'future','访问系统',93,'cc.mrbird.system.controller.LoginController.index()','user: \"User{userId=197, username=\'future\', password=\'d9ad2e77480c0bd1947d21d2246ef72b\', deptId=null, deptName=\'null\', email=\'\', mobile=\'\', status=\'1\', crateTime=Mon Jan 27 12:32:44 CST 2020, modifyTime=Sat Feb 08 18:29:33 CST 2020, lastLoginTime=Sat Feb 08 18:29:33 CST 2020, ssex=\'1\', theme=\'green\', avatar=\'default.jpg\', description=\'null\', roleName=\'开发人员\'}\"  org.springframework.validation.BindingResult.user: \"org.springframework.validation.BeanPropertyBindingResult: 0 errors\"','192.168.153.1','2020-02-08 21:20:41',''),(60,'future','访问系统',97,'cc.mrbird.system.controller.LoginController.index()','user: \"User{userId=197, username=\'future\', password=\'d9ad2e77480c0bd1947d21d2246ef72b\', deptId=null, deptName=\'null\', email=\'\', mobile=\'\', status=\'1\', crateTime=Mon Jan 27 12:32:44 CST 2020, modifyTime=Sat Feb 08 18:29:33 CST 2020, lastLoginTime=Sat Feb 08 18:29:33 CST 2020, ssex=\'1\', theme=\'green\', avatar=\'default.jpg\', description=\'null\', roleName=\'开发人员\'}\"  org.springframework.validation.BindingResult.user: \"org.springframework.validation.BeanPropertyBindingResult: 0 errors\"','192.168.153.1','2020-02-08 21:21:14',''),(61,'future','访问系统',89,'cc.mrbird.system.controller.LoginController.index()','user: \"User{userId=197, username=\'future\', password=\'d9ad2e77480c0bd1947d21d2246ef72b\', deptId=null, deptName=\'null\', email=\'\', mobile=\'\', status=\'1\', crateTime=Mon Jan 27 12:32:44 CST 2020, modifyTime=Sat Feb 08 18:29:33 CST 2020, lastLoginTime=Sat Feb 08 18:29:33 CST 2020, ssex=\'1\', theme=\'green\', avatar=\'default.jpg\', description=\'null\', roleName=\'开发人员\'}\"  org.springframework.validation.BindingResult.user: \"org.springframework.validation.BeanPropertyBindingResult: 0 errors\"','192.168.153.1','2020-02-08 21:21:54',''),(62,'future','访问系统',107,'cc.mrbird.system.controller.LoginController.index()','user: \"User{userId=197, username=\'future\', password=\'d9ad2e77480c0bd1947d21d2246ef72b\', deptId=null, deptName=\'null\', email=\'\', mobile=\'\', status=\'1\', crateTime=Mon Jan 27 12:32:44 CST 2020, modifyTime=Sat Feb 08 18:29:33 CST 2020, lastLoginTime=Sat Feb 08 18:29:33 CST 2020, ssex=\'1\', theme=\'green\', avatar=\'default.jpg\', description=\'null\', roleName=\'开发人员\'}\"  org.springframework.validation.BindingResult.user: \"org.springframework.validation.BeanPropertyBindingResult: 0 errors\"','192.168.153.1','2020-02-08 21:22:39',''),(63,'future','访问系统',124,'cc.mrbird.system.controller.LoginController.index()','user: \"User{userId=197, username=\'future\', password=\'d9ad2e77480c0bd1947d21d2246ef72b\', deptId=null, deptName=\'null\', email=\'\', mobile=\'\', status=\'1\', crateTime=Mon Jan 27 12:32:44 CST 2020, modifyTime=Sat Feb 08 18:29:33 CST 2020, lastLoginTime=Sat Feb 08 18:29:33 CST 2020, ssex=\'1\', theme=\'green\', avatar=\'default.jpg\', description=\'null\', roleName=\'开发人员\'}\"  org.springframework.validation.BindingResult.user: \"org.springframework.validation.BeanPropertyBindingResult: 0 errors\"','192.168.153.1','2020-02-08 21:23:04',''),(64,'future','访问系统',124,'cc.mrbird.system.controller.LoginController.index()','user: \"User{userId=197, username=\'future\', password=\'d9ad2e77480c0bd1947d21d2246ef72b\', deptId=null, deptName=\'null\', email=\'\', mobile=\'\', status=\'1\', crateTime=Mon Jan 27 12:32:44 CST 2020, modifyTime=Sat Feb 08 18:29:33 CST 2020, lastLoginTime=Sat Feb 08 18:29:33 CST 2020, ssex=\'1\', theme=\'green\', avatar=\'default.jpg\', description=\'null\', roleName=\'开发人员\'}\"  org.springframework.validation.BindingResult.user: \"org.springframework.validation.BeanPropertyBindingResult: 0 errors\"','192.168.153.1','2020-02-08 21:23:25',''),(65,'future','访问系统',178,'cc.mrbird.system.controller.LoginController.index()','user: \"User{userId=197, username=\'future\', password=\'d9ad2e77480c0bd1947d21d2246ef72b\', deptId=null, deptName=\'null\', email=\'\', mobile=\'\', status=\'1\', crateTime=Mon Jan 27 12:32:44 CST 2020, modifyTime=Sat Feb 08 18:29:33 CST 2020, lastLoginTime=Sat Feb 08 18:29:33 CST 2020, ssex=\'1\', theme=\'green\', avatar=\'default.jpg\', description=\'null\', roleName=\'开发人员\'}\"  org.springframework.validation.BindingResult.user: \"org.springframework.validation.BeanPropertyBindingResult: 0 errors\"','192.168.153.1','2020-02-08 21:23:49',''),(66,'future','访问系统',185,'cc.mrbird.system.controller.LoginController.index()','user: \"User{userId=197, username=\'future\', password=\'d9ad2e77480c0bd1947d21d2246ef72b\', deptId=null, deptName=\'null\', email=\'\', mobile=\'\', status=\'1\', crateTime=Mon Jan 27 12:32:44 CST 2020, modifyTime=Sat Feb 08 18:29:33 CST 2020, lastLoginTime=Sat Feb 08 18:29:33 CST 2020, ssex=\'1\', theme=\'green\', avatar=\'default.jpg\', description=\'null\', roleName=\'开发人员\'}\"  org.springframework.validation.BindingResult.user: \"org.springframework.validation.BeanPropertyBindingResult: 0 errors\"','192.168.153.1','2020-02-08 21:25:25',''),(67,'future','访问系统',95,'cc.mrbird.system.controller.LoginController.index()','user: \"User{userId=197, username=\'future\', password=\'d9ad2e77480c0bd1947d21d2246ef72b\', deptId=null, deptName=\'null\', email=\'\', mobile=\'\', status=\'1\', crateTime=Mon Jan 27 12:32:44 CST 2020, modifyTime=Sat Feb 08 18:29:33 CST 2020, lastLoginTime=Sat Feb 08 18:29:33 CST 2020, ssex=\'1\', theme=\'green\', avatar=\'default.jpg\', description=\'null\', roleName=\'开发人员\'}\"  org.springframework.validation.BindingResult.user: \"org.springframework.validation.BeanPropertyBindingResult: 0 errors\"','192.168.153.1','2020-02-08 21:25:39',''),(68,'future','访问系统',186,'cc.mrbird.system.controller.LoginController.index()','user: \"User{userId=197, username=\'future\', password=\'d9ad2e77480c0bd1947d21d2246ef72b\', deptId=null, deptName=\'null\', email=\'\', mobile=\'\', status=\'1\', crateTime=Mon Jan 27 12:32:44 CST 2020, modifyTime=Sat Feb 08 18:29:33 CST 2020, lastLoginTime=Sat Feb 08 18:29:33 CST 2020, ssex=\'1\', theme=\'green\', avatar=\'default.jpg\', description=\'null\', roleName=\'开发人员\'}\"  org.springframework.validation.BindingResult.user: \"org.springframework.validation.BeanPropertyBindingResult: 0 errors\"','192.168.153.1','2020-02-08 21:27:09',''),(69,'future','访问系统',89,'cc.mrbird.system.controller.LoginController.index()','user: \"User{userId=197, username=\'future\', password=\'d9ad2e77480c0bd1947d21d2246ef72b\', deptId=null, deptName=\'null\', email=\'\', mobile=\'\', status=\'1\', crateTime=Mon Jan 27 12:32:44 CST 2020, modifyTime=Sat Feb 08 18:29:33 CST 2020, lastLoginTime=Sat Feb 08 18:29:33 CST 2020, ssex=\'1\', theme=\'green\', avatar=\'default.jpg\', description=\'null\', roleName=\'开发人员\'}\"  org.springframework.validation.BindingResult.user: \"org.springframework.validation.BeanPropertyBindingResult: 0 errors\"','192.168.153.1','2020-02-08 21:27:40',''),(70,'future','访问系统',223,'cc.mrbird.system.controller.LoginController.index()','user: \"User{userId=197, username=\'future\', password=\'d9ad2e77480c0bd1947d21d2246ef72b\', deptId=null, deptName=\'null\', email=\'\', mobile=\'\', status=\'1\', crateTime=Mon Jan 27 12:32:44 CST 2020, modifyTime=Sat Feb 08 18:29:33 CST 2020, lastLoginTime=Sat Feb 08 18:29:33 CST 2020, ssex=\'1\', theme=\'green\', avatar=\'default.jpg\', description=\'null\', roleName=\'开发人员\'}\"  org.springframework.validation.BindingResult.user: \"org.springframework.validation.BeanPropertyBindingResult: 0 errors\"','192.168.153.1','2020-02-08 21:28:11',''),(71,'future','访问系统',88,'cc.mrbird.system.controller.LoginController.index()','user: \"User{userId=197, username=\'future\', password=\'d9ad2e77480c0bd1947d21d2246ef72b\', deptId=null, deptName=\'null\', email=\'\', mobile=\'\', status=\'1\', crateTime=Mon Jan 27 12:32:44 CST 2020, modifyTime=Sat Feb 08 18:29:33 CST 2020, lastLoginTime=Sat Feb 08 18:29:33 CST 2020, ssex=\'1\', theme=\'green\', avatar=\'default.jpg\', description=\'null\', roleName=\'开发人员\'}\"  org.springframework.validation.BindingResult.user: \"org.springframework.validation.BeanPropertyBindingResult: 0 errors\"','192.168.153.1','2020-02-08 21:28:37',''),(72,'future','访问系统',95,'cc.mrbird.system.controller.LoginController.index()','user: \"User{userId=197, username=\'future\', password=\'d9ad2e77480c0bd1947d21d2246ef72b\', deptId=null, deptName=\'null\', email=\'\', mobile=\'\', status=\'1\', crateTime=Mon Jan 27 12:32:44 CST 2020, modifyTime=Sat Feb 08 18:29:33 CST 2020, lastLoginTime=Sat Feb 08 18:29:33 CST 2020, ssex=\'1\', theme=\'green\', avatar=\'default.jpg\', description=\'null\', roleName=\'开发人员\'}\"  org.springframework.validation.BindingResult.user: \"org.springframework.validation.BeanPropertyBindingResult: 0 errors\"','192.168.153.1','2020-02-08 21:29:41',''),(73,'future','访问系统',90,'cc.mrbird.system.controller.LoginController.index()','user: \"User{userId=197, username=\'future\', password=\'d9ad2e77480c0bd1947d21d2246ef72b\', deptId=null, deptName=\'null\', email=\'\', mobile=\'\', status=\'1\', crateTime=Mon Jan 27 12:32:44 CST 2020, modifyTime=Sat Feb 08 18:29:33 CST 2020, lastLoginTime=Sat Feb 08 18:29:33 CST 2020, ssex=\'1\', theme=\'green\', avatar=\'default.jpg\', description=\'null\', roleName=\'开发人员\'}\"  org.springframework.validation.BindingResult.user: \"org.springframework.validation.BeanPropertyBindingResult: 0 errors\"','192.168.153.1','2020-02-08 21:30:04',''),(74,'future','访问系统',124,'cc.mrbird.system.controller.LoginController.index()','user: \"User{userId=197, username=\'future\', password=\'d9ad2e77480c0bd1947d21d2246ef72b\', deptId=null, deptName=\'null\', email=\'\', mobile=\'\', status=\'1\', crateTime=Mon Jan 27 12:32:44 CST 2020, modifyTime=Sat Feb 08 18:29:33 CST 2020, lastLoginTime=Sat Feb 08 18:29:33 CST 2020, ssex=\'1\', theme=\'green\', avatar=\'default.jpg\', description=\'null\', roleName=\'开发人员\'}\"  org.springframework.validation.BindingResult.user: \"org.springframework.validation.BeanPropertyBindingResult: 0 errors\"','192.168.153.1','2020-02-08 21:31:05',''),(75,'future','访问系统',2056,'cc.mrbird.system.controller.LoginController.index()','user: \"User{userId=197, username=\'future\', password=\'d9ad2e77480c0bd1947d21d2246ef72b\', deptId=null, deptName=\'null\', email=\'\', mobile=\'\', status=\'1\', crateTime=Mon Jan 27 12:32:44 CST 2020, modifyTime=Sat Feb 08 18:29:33 CST 2020, lastLoginTime=Sat Feb 08 18:29:33 CST 2020, ssex=\'1\', theme=\'green\', avatar=\'default.jpg\', description=\'null\', roleName=\'开发人员\'}\"  org.springframework.validation.BindingResult.user: \"org.springframework.validation.BeanPropertyBindingResult: 0 errors\"','192.168.153.1','2020-02-08 21:31:26',''),(76,'future','访问系统',125,'cc.mrbird.system.controller.LoginController.index()','user: \"User{userId=197, username=\'future\', password=\'d9ad2e77480c0bd1947d21d2246ef72b\', deptId=null, deptName=\'null\', email=\'\', mobile=\'\', status=\'1\', crateTime=Mon Jan 27 12:32:44 CST 2020, modifyTime=Sat Feb 08 18:29:33 CST 2020, lastLoginTime=Sat Feb 08 18:29:33 CST 2020, ssex=\'1\', theme=\'green\', avatar=\'default.jpg\', description=\'null\', roleName=\'开发人员\'}\"  org.springframework.validation.BindingResult.user: \"org.springframework.validation.BeanPropertyBindingResult: 0 errors\"','192.168.153.1','2020-02-08 21:32:07',''),(77,'future','访问系统',114,'cc.mrbird.system.controller.LoginController.index()','user: \"User{userId=197, username=\'future\', password=\'d9ad2e77480c0bd1947d21d2246ef72b\', deptId=null, deptName=\'null\', email=\'\', mobile=\'\', status=\'1\', crateTime=Mon Jan 27 12:32:44 CST 2020, modifyTime=Sat Feb 08 18:29:33 CST 2020, lastLoginTime=Sat Feb 08 18:29:33 CST 2020, ssex=\'1\', theme=\'green\', avatar=\'default.jpg\', description=\'null\', roleName=\'开发人员\'}\"  org.springframework.validation.BindingResult.user: \"org.springframework.validation.BeanPropertyBindingResult: 0 errors\"','192.168.153.1','2020-02-08 21:32:41',''),(78,'admin','访问系统',3,'cc.mrbird.system.controller.LoginController.index()','user: \"User{userId=198, username=\'admin\', password=\'1fedc5a36d03c185065dd2b323886aa5\', deptId=null, deptName=\'null\', email=\'\', mobile=\'\', status=\'1\', crateTime=Mon Jan 27 12:32:55 CST 2020, modifyTime=Sat Feb 08 17:35:46 CST 2020, lastLoginTime=Sat Feb 08 17:35:46 CST 2020, ssex=\'0\', theme=\'blue-grey\', avatar=\'default.jpg\', description=\'null\', roleName=\'管理员\'}\"  org.springframework.validation.BindingResult.user: \"org.springframework.validation.BeanPropertyBindingResult: 0 errors\"','125.62.6.13','2020-02-08 21:33:03',''),(79,'future','访问系统',89,'cc.mrbird.system.controller.LoginController.index()','user: \"User{userId=197, username=\'future\', password=\'d9ad2e77480c0bd1947d21d2246ef72b\', deptId=null, deptName=\'null\', email=\'\', mobile=\'\', status=\'1\', crateTime=Mon Jan 27 12:32:44 CST 2020, modifyTime=Sat Feb 08 18:29:33 CST 2020, lastLoginTime=Sat Feb 08 18:29:33 CST 2020, ssex=\'1\', theme=\'green\', avatar=\'default.jpg\', description=\'null\', roleName=\'开发人员\'}\"  org.springframework.validation.BindingResult.user: \"org.springframework.validation.BeanPropertyBindingResult: 0 errors\"','192.168.153.1','2020-02-08 21:33:08',''),(80,'future','访问系统',132,'cc.mrbird.system.controller.LoginController.index()','user: \"User{userId=197, username=\'future\', password=\'d9ad2e77480c0bd1947d21d2246ef72b\', deptId=null, deptName=\'null\', email=\'\', mobile=\'\', status=\'1\', crateTime=Mon Jan 27 12:32:44 CST 2020, modifyTime=Sat Feb 08 18:29:33 CST 2020, lastLoginTime=Sat Feb 08 18:29:33 CST 2020, ssex=\'1\', theme=\'green\', avatar=\'default.jpg\', description=\'null\', roleName=\'开发人员\'}\"  org.springframework.validation.BindingResult.user: \"org.springframework.validation.BeanPropertyBindingResult: 0 errors\"','192.168.153.1','2020-02-08 21:33:42',''),(81,'admin','访问系统',2,'cc.mrbird.system.controller.LoginController.index()','user: \"User{userId=198, username=\'admin\', password=\'1fedc5a36d03c185065dd2b323886aa5\', deptId=null, deptName=\'null\', email=\'\', mobile=\'\', status=\'1\', crateTime=Mon Jan 27 12:32:55 CST 2020, modifyTime=Sat Feb 08 17:35:46 CST 2020, lastLoginTime=Sat Feb 08 17:35:46 CST 2020, ssex=\'0\', theme=\'blue-grey\', avatar=\'default.jpg\', description=\'null\', roleName=\'管理员\'}\"  org.springframework.validation.BindingResult.user: \"org.springframework.validation.BeanPropertyBindingResult: 0 errors\"','125.62.6.13','2020-02-08 21:33:54',''),(82,'future','访问系统',163,'cc.mrbird.system.controller.LoginController.index()','user: \"User{userId=197, username=\'future\', password=\'d9ad2e77480c0bd1947d21d2246ef72b\', deptId=null, deptName=\'null\', email=\'\', mobile=\'\', status=\'1\', crateTime=Mon Jan 27 12:32:44 CST 2020, modifyTime=Sat Feb 08 18:29:33 CST 2020, lastLoginTime=Sat Feb 08 18:29:33 CST 2020, ssex=\'1\', theme=\'green\', avatar=\'default.jpg\', description=\'null\', roleName=\'开发人员\'}\"  org.springframework.validation.BindingResult.user: \"org.springframework.validation.BeanPropertyBindingResult: 0 errors\"','192.168.153.1','2020-02-08 21:35:03',''),(83,'future','访问系统',123,'cc.mrbird.system.controller.LoginController.index()','user: \"User{userId=197, username=\'future\', password=\'d9ad2e77480c0bd1947d21d2246ef72b\', deptId=null, deptName=\'null\', email=\'\', mobile=\'\', status=\'1\', crateTime=Mon Jan 27 12:32:44 CST 2020, modifyTime=Sat Feb 08 18:29:33 CST 2020, lastLoginTime=Sat Feb 08 18:29:33 CST 2020, ssex=\'1\', theme=\'green\', avatar=\'default.jpg\', description=\'null\', roleName=\'开发人员\'}\"  org.springframework.validation.BindingResult.user: \"org.springframework.validation.BeanPropertyBindingResult: 0 errors\"','192.168.153.1','2020-02-08 21:36:48',''),(84,'future','访问系统',109,'cc.mrbird.system.controller.LoginController.index()','user: \"User{userId=197, username=\'future\', password=\'d9ad2e77480c0bd1947d21d2246ef72b\', deptId=null, deptName=\'null\', email=\'\', mobile=\'\', status=\'1\', crateTime=Mon Jan 27 12:32:44 CST 2020, modifyTime=Sat Feb 08 18:29:33 CST 2020, lastLoginTime=Sat Feb 08 18:29:33 CST 2020, ssex=\'1\', theme=\'green\', avatar=\'default.jpg\', description=\'null\', roleName=\'开发人员\'}\"  org.springframework.validation.BindingResult.user: \"org.springframework.validation.BeanPropertyBindingResult: 0 errors\"','192.168.153.1','2020-02-08 21:37:37',''),(85,'future','访问系统',110,'cc.mrbird.system.controller.LoginController.index()','user: \"User{userId=197, username=\'future\', password=\'d9ad2e77480c0bd1947d21d2246ef72b\', deptId=null, deptName=\'null\', email=\'\', mobile=\'\', status=\'1\', crateTime=Mon Jan 27 12:32:44 CST 2020, modifyTime=Sat Feb 08 18:29:33 CST 2020, lastLoginTime=Sat Feb 08 18:29:33 CST 2020, ssex=\'1\', theme=\'green\', avatar=\'default.jpg\', description=\'null\', roleName=\'开发人员\'}\"  org.springframework.validation.BindingResult.user: \"org.springframework.validation.BeanPropertyBindingResult: 0 errors\"','192.168.153.1','2020-02-08 21:38:39',''),(86,'future','访问系统',6,'cc.mrbird.system.controller.LoginController.index()','user: \"User{userId=197, username=\'future\', password=\'d9ad2e77480c0bd1947d21d2246ef72b\', deptId=null, deptName=\'null\', email=\'\', mobile=\'\', status=\'1\', crateTime=Mon Jan 27 12:32:44 CST 2020, modifyTime=Sat Feb 08 19:01:04 CST 2020, lastLoginTime=Sat Feb 08 19:01:03 CST 2020, ssex=\'1\', theme=\'green\', avatar=\'default.jpg\', description=\'null\', roleName=\'开发人员\'}\"  org.springframework.validation.BindingResult.user: \"org.springframework.validation.BeanPropertyBindingResult: 0 errors\"','223.104.214.71','2020-02-08 21:50:24',''),(87,'future','访问系统',4,'cc.mrbird.system.controller.LoginController.index()','user: \"User{userId=197, username=\'future\', password=\'d9ad2e77480c0bd1947d21d2246ef72b\', deptId=null, deptName=\'null\', email=\'\', mobile=\'\', status=\'1\', crateTime=Mon Jan 27 12:32:44 CST 2020, modifyTime=Sat Feb 08 21:50:23 CST 2020, lastLoginTime=Sat Feb 08 21:50:24 CST 2020, ssex=\'1\', theme=\'green\', avatar=\'default.jpg\', description=\'null\', roleName=\'开发人员\'}\"  org.springframework.validation.BindingResult.user: \"org.springframework.validation.BeanPropertyBindingResult: 0 errors\"','223.104.214.57','2020-02-09 10:03:55',''),(88,'admin','访问系统',3,'cc.mrbird.system.controller.LoginController.index()','user: \"User{userId=198, username=\'admin\', password=\'1fedc5a36d03c185065dd2b323886aa5\', deptId=null, deptName=\'null\', email=\'\', mobile=\'\', status=\'1\', crateTime=Mon Jan 27 12:32:55 CST 2020, modifyTime=Sat Feb 08 16:14:32 CST 2020, lastLoginTime=Sat Feb 08 16:14:32 CST 2020, ssex=\'0\', theme=\'blue-grey\', avatar=\'default.jpg\', description=\'null\', roleName=\'管理员\'}\"  org.springframework.validation.BindingResult.user: \"org.springframework.validation.BeanPropertyBindingResult: 0 errors\"','125.85.51.141','2020-02-09 13:25:16',''),(89,'admin','访问系统',2,'cc.mrbird.system.controller.LoginController.index()','user: \"User{userId=198, username=\'admin\', password=\'1fedc5a36d03c185065dd2b323886aa5\', deptId=null, deptName=\'null\', email=\'\', mobile=\'\', status=\'1\', crateTime=Mon Jan 27 12:32:55 CST 2020, modifyTime=Sat Feb 08 21:33:02 CST 2020, lastLoginTime=Sat Feb 08 21:33:02 CST 2020, ssex=\'0\', theme=\'blue-grey\', avatar=\'default.jpg\', description=\'null\', roleName=\'管理员\'}\"  org.springframework.validation.BindingResult.user: \"org.springframework.validation.BeanPropertyBindingResult: 0 errors\"','125.85.51.141','2020-02-09 18:39:22',''),(90,'admin','访问系统',3,'cc.mrbird.system.controller.LoginController.index()','user: \"User{userId=198, username=\'admin\', password=\'1fedc5a36d03c185065dd2b323886aa5\', deptId=null, deptName=\'null\', email=\'\', mobile=\'\', status=\'1\', crateTime=Mon Jan 27 12:32:55 CST 2020, modifyTime=Sun Feb 09 18:39:21 CST 2020, lastLoginTime=Sun Feb 09 18:39:22 CST 2020, ssex=\'0\', theme=\'blue-grey\', avatar=\'default.jpg\', description=\'null\', roleName=\'管理员\'}\"  org.springframework.validation.BindingResult.user: \"org.springframework.validation.BeanPropertyBindingResult: 0 errors\"','125.62.6.13','2020-02-09 18:41:33',''),(91,'admin','访问系统',3,'cc.mrbird.system.controller.LoginController.index()','user: \"User{userId=198, username=\'admin\', password=\'1fedc5a36d03c185065dd2b323886aa5\', deptId=null, deptName=\'null\', email=\'\', mobile=\'\', status=\'1\', crateTime=Mon Jan 27 12:32:55 CST 2020, modifyTime=Sun Feb 09 18:39:21 CST 2020, lastLoginTime=Sun Feb 09 18:39:22 CST 2020, ssex=\'0\', theme=\'blue-grey\', avatar=\'default.jpg\', description=\'null\', roleName=\'管理员\'}\"','125.62.6.13','2020-02-09 18:42:10',''),(92,'admin','访问系统',9,'cc.mrbird.system.controller.LoginController.index()','user: \"User{userId=198, username=\'admin\', password=\'1fedc5a36d03c185065dd2b323886aa5\', deptId=null, deptName=\'null\', email=\'\', mobile=\'\', status=\'1\', crateTime=Mon Jan 27 12:32:55 CST 2020, modifyTime=Sat Feb 08 21:33:02 CST 2020, lastLoginTime=Sat Feb 08 21:33:02 CST 2020, ssex=\'0\', theme=\'blue-grey\', avatar=\'default.jpg\', description=\'null\', roleName=\'管理员\'}\"  org.springframework.validation.BindingResult.user: \"org.springframework.validation.BeanPropertyBindingResult: 0 errors\"','125.85.51.141','2020-02-10 13:44:19',''),(93,'admin','访问系统',3,'cc.mrbird.system.controller.LoginController.index()','user: \"User{userId=198, username=\'admin\', password=\'1fedc5a36d03c185065dd2b323886aa5\', deptId=null, deptName=\'null\', email=\'\', mobile=\'\', status=\'1\', crateTime=Mon Jan 27 12:32:55 CST 2020, modifyTime=Sun Feb 09 18:41:33 CST 2020, lastLoginTime=Sun Feb 09 18:41:33 CST 2020, ssex=\'0\', theme=\'blue-grey\', avatar=\'default.jpg\', description=\'null\', roleName=\'管理员\'}\"  org.springframework.validation.BindingResult.user: \"org.springframework.validation.BeanPropertyBindingResult: 0 errors\"','125.62.6.13','2020-02-10 14:10:52',''),(94,'future','访问系统',91,'cc.mrbird.system.controller.LoginController.index()','user: \"User{userId=197, username=\'future\', password=\'d9ad2e77480c0bd1947d21d2246ef72b\', deptId=null, deptName=\'null\', email=\'\', mobile=\'\', status=\'1\', crateTime=Mon Jan 27 12:32:44 CST 2020, modifyTime=Sun Feb 09 10:03:55 CST 2020, lastLoginTime=Sun Feb 09 10:03:55 CST 2020, ssex=\'1\', theme=\'green\', avatar=\'default.jpg\', description=\'null\', roleName=\'开发人员\'}\"','192.168.153.1','2020-02-10 15:23:54',''),(95,'future','访问系统',121,'cc.mrbird.system.controller.LoginController.index()','user: \"User{userId=197, username=\'future\', password=\'d9ad2e77480c0bd1947d21d2246ef72b\', deptId=null, deptName=\'null\', email=\'\', mobile=\'\', status=\'1\', crateTime=Mon Jan 27 12:32:44 CST 2020, modifyTime=Sun Feb 09 10:03:55 CST 2020, lastLoginTime=Sun Feb 09 10:03:55 CST 2020, ssex=\'1\', theme=\'green\', avatar=\'default.jpg\', description=\'null\', roleName=\'开发人员\'}\"  org.springframework.validation.BindingResult.user: \"org.springframework.validation.BeanPropertyBindingResult: 0 errors\"','192.168.153.1','2020-02-10 15:27:00',''),(96,'future','访问系统',108,'cc.mrbird.system.controller.LoginController.index()','user: \"User{userId=197, username=\'future\', password=\'d9ad2e77480c0bd1947d21d2246ef72b\', deptId=null, deptName=\'null\', email=\'\', mobile=\'\', status=\'1\', crateTime=Mon Jan 27 12:32:44 CST 2020, modifyTime=Sun Feb 09 10:03:55 CST 2020, lastLoginTime=Sun Feb 09 10:03:55 CST 2020, ssex=\'1\', theme=\'green\', avatar=\'default.jpg\', description=\'null\', roleName=\'开发人员\'}\"  org.springframework.validation.BindingResult.user: \"org.springframework.validation.BeanPropertyBindingResult: 0 errors\"','192.168.153.1','2020-02-10 15:30:49',''),(97,'future','访问系统',143,'cc.mrbird.system.controller.LoginController.index()','user: \"User{userId=197, username=\'future\', password=\'d9ad2e77480c0bd1947d21d2246ef72b\', deptId=null, deptName=\'null\', email=\'\', mobile=\'\', status=\'1\', crateTime=Mon Jan 27 12:32:44 CST 2020, modifyTime=Sun Feb 09 10:03:55 CST 2020, lastLoginTime=Sun Feb 09 10:03:55 CST 2020, ssex=\'1\', theme=\'green\', avatar=\'default.jpg\', description=\'null\', roleName=\'开发人员\'}\"  org.springframework.validation.BindingResult.user: \"org.springframework.validation.BeanPropertyBindingResult: 0 errors\"','192.168.153.1','2020-02-10 15:48:35',''),(98,'future','访问系统',153,'cc.mrbird.system.controller.LoginController.index()','user: \"User{userId=197, username=\'future\', password=\'d9ad2e77480c0bd1947d21d2246ef72b\', deptId=null, deptName=\'null\', email=\'\', mobile=\'\', status=\'1\', crateTime=Mon Jan 27 12:32:44 CST 2020, modifyTime=Mon Feb 10 15:23:53 CST 2020, lastLoginTime=Mon Feb 10 15:23:53 CST 2020, ssex=\'1\', theme=\'green\', avatar=\'default.jpg\', description=\'null\', roleName=\'开发人员\'}\"  org.springframework.validation.BindingResult.user: \"org.springframework.validation.BeanPropertyBindingResult: 0 errors\"','192.168.153.1','2020-02-10 16:25:15',''),(99,'future','访问系统',175,'cc.mrbird.system.controller.LoginController.index()','user: \"User{userId=197, username=\'future\', password=\'d9ad2e77480c0bd1947d21d2246ef72b\', deptId=null, deptName=\'null\', email=\'\', mobile=\'\', status=\'1\', crateTime=Mon Jan 27 12:32:44 CST 2020, modifyTime=Mon Feb 10 15:23:53 CST 2020, lastLoginTime=Mon Feb 10 15:23:53 CST 2020, ssex=\'1\', theme=\'green\', avatar=\'default.jpg\', description=\'null\', roleName=\'开发人员\'}\"  org.springframework.validation.BindingResult.user: \"org.springframework.validation.BeanPropertyBindingResult: 0 errors\"','192.168.153.1','2020-02-10 16:35:58',''),(100,'future','访问系统',226,'cc.mrbird.system.controller.LoginController.index()','user: \"User{userId=197, username=\'future\', password=\'d9ad2e77480c0bd1947d21d2246ef72b\', deptId=null, deptName=\'null\', email=\'\', mobile=\'\', status=\'1\', crateTime=Mon Jan 27 12:32:44 CST 2020, modifyTime=Mon Feb 10 15:23:53 CST 2020, lastLoginTime=Mon Feb 10 15:23:53 CST 2020, ssex=\'1\', theme=\'green\', avatar=\'default.jpg\', description=\'null\', roleName=\'开发人员\'}\"','192.168.153.1','2020-02-10 16:39:56',''),(101,'future','访问系统',6,'cc.mrbird.system.controller.LoginController.index()','user: \"User{userId=197, username=\'future\', password=\'d9ad2e77480c0bd1947d21d2246ef72b\', deptId=null, deptName=\'null\', email=\'\', mobile=\'\', status=\'1\', crateTime=Mon Jan 27 12:32:44 CST 2020, modifyTime=Mon Feb 10 16:25:14 CST 2020, lastLoginTime=Mon Feb 10 16:25:14 CST 2020, ssex=\'1\', theme=\'green\', avatar=\'default.jpg\', description=\'null\', roleName=\'开发人员\'}\"  org.springframework.validation.BindingResult.user: \"org.springframework.validation.BeanPropertyBindingResult: 0 errors\"','123.147.248.145','2020-02-10 16:47:37',''),(102,'admin','访问系统',3,'cc.mrbird.system.controller.LoginController.index()','user: \"User{userId=198, username=\'admin\', password=\'1fedc5a36d03c185065dd2b323886aa5\', deptId=null, deptName=\'null\', email=\'\', mobile=\'\', status=\'1\', crateTime=Mon Jan 27 12:32:55 CST 2020, modifyTime=Mon Feb 10 14:10:51 CST 2020, lastLoginTime=Mon Feb 10 14:10:52 CST 2020, ssex=\'0\', theme=\'blue-grey\', avatar=\'default.jpg\', description=\'null\', roleName=\'管理员\'}\"  org.springframework.validation.BindingResult.user: \"org.springframework.validation.BeanPropertyBindingResult: 0 errors\"','125.85.51.141','2020-02-10 22:36:38',''),(103,'future','访问系统',9,'cc.mrbird.system.controller.LoginController.index()','user: \"User{userId=197, username=\'future\', password=\'d9ad2e77480c0bd1947d21d2246ef72b\', deptId=null, deptName=\'null\', email=\'\', mobile=\'\', status=\'1\', crateTime=Mon Jan 27 12:32:44 CST 2020, modifyTime=Mon Feb 10 16:47:37 CST 2020, lastLoginTime=Mon Feb 10 16:47:37 CST 2020, ssex=\'1\', theme=\'green\', avatar=\'default.jpg\', description=\'null\', roleName=\'开发人员\'}\"  org.springframework.validation.BindingResult.user: \"org.springframework.validation.BeanPropertyBindingResult: 0 errors\"','223.104.216.54','2020-02-13 21:13:03',''),(104,'future','访问系统',4,'cc.mrbird.system.controller.LoginController.index()','user: \"User{userId=197, username=\'future\', password=\'d9ad2e77480c0bd1947d21d2246ef72b\', deptId=null, deptName=\'null\', email=\'\', mobile=\'\', status=\'1\', crateTime=Mon Jan 27 12:32:44 CST 2020, modifyTime=Thu Feb 13 21:13:02 CST 2020, lastLoginTime=Thu Feb 13 21:13:03 CST 2020, ssex=\'1\', theme=\'green\', avatar=\'default.jpg\', description=\'null\', roleName=\'开发人员\'}\"  org.springframework.validation.BindingResult.user: \"org.springframework.validation.BeanPropertyBindingResult: 0 errors\"','117.136.65.71','2020-02-13 21:14:47',''),(105,'admin','访问系统',3,'cc.mrbird.system.controller.LoginController.index()','user: \"User{userId=198, username=\'admin\', password=\'1fedc5a36d03c185065dd2b323886aa5\', deptId=null, deptName=\'null\', email=\'\', mobile=\'\', status=\'1\', crateTime=Mon Jan 27 12:32:55 CST 2020, modifyTime=Mon Feb 10 22:36:38 CST 2020, lastLoginTime=Mon Feb 10 22:36:38 CST 2020, ssex=\'0\', theme=\'blue-grey\', avatar=\'default.jpg\', description=\'null\', roleName=\'管理员\'}\"  org.springframework.validation.BindingResult.user: \"org.springframework.validation.BeanPropertyBindingResult: 0 errors\"','125.85.52.238','2020-02-13 22:05:10',''),(106,'admin','访问系统',3,'cc.mrbird.system.controller.LoginController.index()','user: \"User{userId=198, username=\'admin\', password=\'1fedc5a36d03c185065dd2b323886aa5\', deptId=null, deptName=\'null\', email=\'\', mobile=\'\', status=\'1\', crateTime=Mon Jan 27 12:32:55 CST 2020, modifyTime=Thu Feb 13 22:05:09 CST 2020, lastLoginTime=Thu Feb 13 22:05:10 CST 2020, ssex=\'0\', theme=\'blue-grey\', avatar=\'default.jpg\', description=\'null\', roleName=\'管理员\'}\"  org.springframework.validation.BindingResult.user: \"org.springframework.validation.BeanPropertyBindingResult: 0 errors\"','125.85.52.238','2020-02-14 12:36:43',''),(107,'admin','访问系统',3,'cc.mrbird.system.controller.LoginController.index()','user: \"User{userId=198, username=\'admin\', password=\'1fedc5a36d03c185065dd2b323886aa5\', deptId=null, deptName=\'null\', email=\'\', mobile=\'\', status=\'1\', crateTime=Mon Jan 27 12:32:55 CST 2020, modifyTime=Fri Feb 14 12:36:42 CST 2020, lastLoginTime=Fri Feb 14 12:36:42 CST 2020, ssex=\'0\', theme=\'blue-grey\', avatar=\'default.jpg\', description=\'null\', roleName=\'管理员\'}\"  org.springframework.validation.BindingResult.user: \"org.springframework.validation.BeanPropertyBindingResult: 0 errors\"','125.85.52.238','2020-02-14 17:23:27',''),(108,'future','访问系统',3,'cc.mrbird.system.controller.LoginController.index()','user: \"User{userId=197, username=\'future\', password=\'d9ad2e77480c0bd1947d21d2246ef72b\', deptId=null, deptName=\'null\', email=\'\', mobile=\'\', status=\'1\', crateTime=Mon Jan 27 12:32:44 CST 2020, modifyTime=Thu Feb 13 21:14:46 CST 2020, lastLoginTime=Thu Feb 13 21:14:46 CST 2020, ssex=\'1\', theme=\'green\', avatar=\'default.jpg\', description=\'null\', roleName=\'开发人员\'}\"  org.springframework.validation.BindingResult.user: \"org.springframework.validation.BeanPropertyBindingResult: 0 errors\"','223.104.216.47','2020-02-15 14:33:16',''),(109,'future','获取在线用户信息',3,'cc.mrbird.system.controller.SessionController.online()','','223.104.216.47','2020-02-15 14:34:02',''),(110,'future','访问系统',4,'cc.mrbird.system.controller.LoginController.index()','user: \"User{userId=197, username=\'future\', password=\'d9ad2e77480c0bd1947d21d2246ef72b\', deptId=null, deptName=\'null\', email=\'\', mobile=\'\', status=\'1\', crateTime=Mon Jan 27 12:32:44 CST 2020, modifyTime=Sat Feb 15 14:33:16 CST 2020, lastLoginTime=Sat Feb 15 14:33:16 CST 2020, ssex=\'1\', theme=\'green\', avatar=\'default.jpg\', description=\'null\', roleName=\'开发人员\'}\"  org.springframework.validation.BindingResult.user: \"org.springframework.validation.BeanPropertyBindingResult: 0 errors\"','117.136.64.248','2020-02-15 18:41:46',''),(111,'future','获取在线用户信息',0,'cc.mrbird.system.controller.SessionController.online()','','117.136.64.248','2020-02-15 18:42:09',''),(112,'future','访问系统',3,'cc.mrbird.system.controller.LoginController.index()','user: \"User{userId=197, username=\'future\', password=\'d9ad2e77480c0bd1947d21d2246ef72b\', deptId=null, deptName=\'null\', email=\'\', mobile=\'\', status=\'1\', crateTime=Mon Jan 27 12:32:44 CST 2020, modifyTime=Sat Feb 15 18:41:45 CST 2020, lastLoginTime=Sat Feb 15 18:41:46 CST 2020, ssex=\'1\', theme=\'green\', avatar=\'default.jpg\', description=\'null\', roleName=\'开发人员\'}\"  org.springframework.validation.BindingResult.user: \"org.springframework.validation.BeanPropertyBindingResult: 0 errors\"','117.136.65.74','2020-02-17 11:56:25',''),(113,'admin','访问系统',3,'cc.mrbird.system.controller.LoginController.index()','user: \"User{userId=198, username=\'admin\', password=\'1fedc5a36d03c185065dd2b323886aa5\', deptId=null, deptName=\'null\', email=\'\', mobile=\'\', status=\'1\', crateTime=Mon Jan 27 12:32:55 CST 2020, modifyTime=Fri Feb 14 17:23:27 CST 2020, lastLoginTime=Fri Feb 14 17:23:27 CST 2020, ssex=\'0\', theme=\'blue-grey\', avatar=\'default.jpg\', description=\'null\', roleName=\'管理员\'}\"  org.springframework.validation.BindingResult.user: \"org.springframework.validation.BeanPropertyBindingResult: 0 errors\"','117.136.65.74','2020-02-17 12:27:27',''),(114,'future','访问系统',327,'cc.mrbird.system.controller.LoginController.index()','user: \"User{userId=197, username=\'future\', password=\'d9ad2e77480c0bd1947d21d2246ef72b\', deptId=null, deptName=\'null\', email=\'\', mobile=\'\', status=\'1\', crateTime=Mon Jan 27 12:32:44 CST 2020, modifyTime=Mon Feb 17 11:56:24 CST 2020, lastLoginTime=Mon Feb 17 11:56:24 CST 2020, ssex=\'1\', theme=\'green\', avatar=\'default.jpg\', description=\'null\', roleName=\'开发人员\'}\"  org.springframework.validation.BindingResult.user: \"org.springframework.validation.BeanPropertyBindingResult: 0 errors\"','192.168.153.1','2020-02-17 13:28:34',''),(115,'future','访问系统',115,'cc.mrbird.system.controller.LoginController.index()','user: \"User{userId=197, username=\'future\', password=\'d9ad2e77480c0bd1947d21d2246ef72b\', deptId=null, deptName=\'null\', email=\'\', mobile=\'\', status=\'1\', crateTime=Mon Jan 27 12:32:44 CST 2020, modifyTime=Mon Feb 17 13:28:33 CST 2020, lastLoginTime=Mon Feb 17 13:28:33 CST 2020, ssex=\'1\', theme=\'green\', avatar=\'default.jpg\', description=\'null\', roleName=\'开发人员\'}\"  org.springframework.validation.BindingResult.user: \"org.springframework.validation.BeanPropertyBindingResult: 0 errors\"','192.168.153.1','2020-02-17 14:11:38',''),(116,'future','访问系统',131,'cc.mrbird.system.controller.LoginController.index()','user: \"User{userId=197, username=\'future\', password=\'d9ad2e77480c0bd1947d21d2246ef72b\', deptId=null, deptName=\'null\', email=\'\', mobile=\'\', status=\'1\', crateTime=Mon Jan 27 12:32:44 CST 2020, modifyTime=Mon Feb 17 14:11:38 CST 2020, lastLoginTime=Mon Feb 17 14:11:37 CST 2020, ssex=\'1\', theme=\'green\', avatar=\'default.jpg\', description=\'null\', roleName=\'开发人员\'}\"  org.springframework.validation.BindingResult.user: \"org.springframework.validation.BeanPropertyBindingResult: 0 errors\"','192.168.153.1','2020-02-17 14:16:21',''),(117,'future','访问系统',129,'cc.mrbird.system.controller.LoginController.index()','user: \"User{userId=197, username=\'future\', password=\'d9ad2e77480c0bd1947d21d2246ef72b\', deptId=null, deptName=\'null\', email=\'\', mobile=\'\', status=\'1\', crateTime=Mon Jan 27 12:32:44 CST 2020, modifyTime=Mon Feb 17 14:16:30 CST 2020, lastLoginTime=Mon Feb 17 14:16:20 CST 2020, ssex=\'1\', theme=\'blue-grey\', avatar=\'default.jpg\', description=\'null\', roleName=\'开发人员\'}\"  org.springframework.validation.BindingResult.user: \"org.springframework.validation.BeanPropertyBindingResult: 0 errors\"','192.168.153.1','2020-02-17 14:28:49',''),(118,'future','访问系统',124,'cc.mrbird.system.controller.LoginController.index()','user: \"User{userId=197, username=\'future\', password=\'d9ad2e77480c0bd1947d21d2246ef72b\', deptId=null, deptName=\'null\', email=\'\', mobile=\'\', status=\'1\', crateTime=Mon Jan 27 12:32:44 CST 2020, modifyTime=Mon Feb 17 14:28:49 CST 2020, lastLoginTime=Mon Feb 17 14:28:48 CST 2020, ssex=\'1\', theme=\'blue-grey\', avatar=\'default.jpg\', description=\'null\', roleName=\'开发人员\'}\"  org.springframework.validation.BindingResult.user: \"org.springframework.validation.BeanPropertyBindingResult: 0 errors\"','192.168.153.1','2020-02-17 14:35:01',''),(119,'future','访问系统',92,'cc.mrbird.system.controller.LoginController.index()','user: \"User{userId=197, username=\'future\', password=\'d9ad2e77480c0bd1947d21d2246ef72b\', deptId=null, deptName=\'null\', email=\'\', mobile=\'\', status=\'1\', crateTime=Mon Jan 27 12:32:44 CST 2020, modifyTime=Mon Feb 17 14:28:49 CST 2020, lastLoginTime=Mon Feb 17 14:28:48 CST 2020, ssex=\'1\', theme=\'blue-grey\', avatar=\'default.jpg\', description=\'null\', roleName=\'开发人员\'}\"  org.springframework.validation.BindingResult.user: \"org.springframework.validation.BeanPropertyBindingResult: 0 errors\"','192.168.153.1','2020-02-17 14:35:16',''),(120,'future','访问系统',101,'cc.mrbird.system.controller.LoginController.index()','user: \"User{userId=197, username=\'future\', password=\'d9ad2e77480c0bd1947d21d2246ef72b\', deptId=null, deptName=\'null\', email=\'\', mobile=\'\', status=\'1\', crateTime=Mon Jan 27 12:32:44 CST 2020, modifyTime=Mon Feb 17 14:28:49 CST 2020, lastLoginTime=Mon Feb 17 14:28:48 CST 2020, ssex=\'1\', theme=\'blue-grey\', avatar=\'default.jpg\', description=\'null\', roleName=\'开发人员\'}\"  org.springframework.validation.BindingResult.user: \"org.springframework.validation.BeanPropertyBindingResult: 0 errors\"','192.168.153.1','2020-02-17 14:35:32',''),(121,'future','访问系统',172,'cc.mrbird.system.controller.LoginController.index()','user: \"User{userId=197, username=\'future\', password=\'d9ad2e77480c0bd1947d21d2246ef72b\', deptId=null, deptName=\'null\', email=\'\', mobile=\'\', status=\'1\', crateTime=Mon Jan 27 12:32:44 CST 2020, modifyTime=Mon Feb 17 14:28:49 CST 2020, lastLoginTime=Mon Feb 17 14:28:48 CST 2020, ssex=\'1\', theme=\'blue-grey\', avatar=\'default.jpg\', description=\'null\', roleName=\'开发人员\'}\"  org.springframework.validation.BindingResult.user: \"org.springframework.validation.BeanPropertyBindingResult: 0 errors\"','192.168.153.1','2020-02-17 14:35:45',''),(122,'future','访问系统',126,'cc.mrbird.system.controller.LoginController.index()','user: \"User{userId=197, username=\'future\', password=\'d9ad2e77480c0bd1947d21d2246ef72b\', deptId=null, deptName=\'null\', email=\'\', mobile=\'\', status=\'1\', crateTime=Mon Jan 27 12:32:44 CST 2020, modifyTime=Mon Feb 17 14:28:49 CST 2020, lastLoginTime=Mon Feb 17 14:28:48 CST 2020, ssex=\'1\', theme=\'blue-grey\', avatar=\'default.jpg\', description=\'null\', roleName=\'开发人员\'}\"  org.springframework.validation.BindingResult.user: \"org.springframework.validation.BeanPropertyBindingResult: 0 errors\"','192.168.153.1','2020-02-17 14:36:05',''),(123,'future','访问系统',102,'cc.mrbird.system.controller.LoginController.index()','user: \"User{userId=197, username=\'future\', password=\'d9ad2e77480c0bd1947d21d2246ef72b\', deptId=null, deptName=\'null\', email=\'\', mobile=\'\', status=\'1\', crateTime=Mon Jan 27 12:32:44 CST 2020, modifyTime=Mon Feb 17 14:28:49 CST 2020, lastLoginTime=Mon Feb 17 14:28:48 CST 2020, ssex=\'1\', theme=\'blue-grey\', avatar=\'default.jpg\', description=\'null\', roleName=\'开发人员\'}\"  org.springframework.validation.BindingResult.user: \"org.springframework.validation.BeanPropertyBindingResult: 0 errors\"','192.168.153.1','2020-02-17 14:36:25',''),(124,'future','访问系统',121,'cc.mrbird.system.controller.LoginController.index()','user: \"User{userId=197, username=\'future\', password=\'d9ad2e77480c0bd1947d21d2246ef72b\', deptId=null, deptName=\'null\', email=\'\', mobile=\'\', status=\'1\', crateTime=Mon Jan 27 12:32:44 CST 2020, modifyTime=Mon Feb 17 14:35:01 CST 2020, lastLoginTime=Mon Feb 17 14:35:01 CST 2020, ssex=\'1\', theme=\'blue-grey\', avatar=\'default.jpg\', description=\'null\', roleName=\'开发人员\'}\"  org.springframework.validation.BindingResult.user: \"org.springframework.validation.BeanPropertyBindingResult: 0 errors\"','192.168.153.1','2020-02-17 14:41:46',''),(125,'future','访问系统',195,'cc.mrbird.system.controller.LoginController.index()','user: \"User{userId=197, username=\'future\', password=\'d9ad2e77480c0bd1947d21d2246ef72b\', deptId=null, deptName=\'null\', email=\'\', mobile=\'\', status=\'1\', crateTime=Mon Jan 27 12:32:44 CST 2020, modifyTime=Mon Feb 17 14:35:01 CST 2020, lastLoginTime=Mon Feb 17 14:35:01 CST 2020, ssex=\'1\', theme=\'blue-grey\', avatar=\'default.jpg\', description=\'null\', roleName=\'开发人员\'}\"  org.springframework.validation.BindingResult.user: \"org.springframework.validation.BeanPropertyBindingResult: 0 errors\"','192.168.153.1','2020-02-17 14:42:03',''),(126,'future','访问系统',106,'cc.mrbird.system.controller.LoginController.index()','user: \"User{userId=197, username=\'future\', password=\'d9ad2e77480c0bd1947d21d2246ef72b\', deptId=null, deptName=\'null\', email=\'\', mobile=\'\', status=\'1\', crateTime=Mon Jan 27 12:32:44 CST 2020, modifyTime=Mon Feb 17 14:35:01 CST 2020, lastLoginTime=Mon Feb 17 14:35:01 CST 2020, ssex=\'1\', theme=\'blue-grey\', avatar=\'default.jpg\', description=\'null\', roleName=\'开发人员\'}\"  org.springframework.validation.BindingResult.user: \"org.springframework.validation.BeanPropertyBindingResult: 0 errors\"','192.168.153.1','2020-02-17 14:42:25',''),(127,'future','访问系统',147,'cc.mrbird.system.controller.LoginController.index()','user: \"User{userId=197, username=\'future\', password=\'d9ad2e77480c0bd1947d21d2246ef72b\', deptId=null, deptName=\'null\', email=\'\', mobile=\'\', status=\'1\', crateTime=Mon Jan 27 12:32:44 CST 2020, modifyTime=Mon Feb 17 14:35:01 CST 2020, lastLoginTime=Mon Feb 17 14:35:01 CST 2020, ssex=\'1\', theme=\'blue-grey\', avatar=\'default.jpg\', description=\'null\', roleName=\'开发人员\'}\"  org.springframework.validation.BindingResult.user: \"org.springframework.validation.BeanPropertyBindingResult: 0 errors\"','192.168.153.1','2020-02-17 14:42:37',''),(128,'future','访问系统',110,'cc.mrbird.system.controller.LoginController.index()','user: \"User{userId=197, username=\'future\', password=\'d9ad2e77480c0bd1947d21d2246ef72b\', deptId=null, deptName=\'null\', email=\'\', mobile=\'\', status=\'1\', crateTime=Mon Jan 27 12:32:44 CST 2020, modifyTime=Mon Feb 17 14:35:01 CST 2020, lastLoginTime=Mon Feb 17 14:35:01 CST 2020, ssex=\'1\', theme=\'blue-grey\', avatar=\'default.jpg\', description=\'null\', roleName=\'开发人员\'}\"  org.springframework.validation.BindingResult.user: \"org.springframework.validation.BeanPropertyBindingResult: 0 errors\"','192.168.153.1','2020-02-17 14:42:47',''),(129,'future','访问系统',119,'cc.mrbird.system.controller.LoginController.index()','user: \"User{userId=197, username=\'future\', password=\'d9ad2e77480c0bd1947d21d2246ef72b\', deptId=null, deptName=\'null\', email=\'\', mobile=\'\', status=\'1\', crateTime=Mon Jan 27 12:32:44 CST 2020, modifyTime=Mon Feb 17 14:35:01 CST 2020, lastLoginTime=Mon Feb 17 14:35:01 CST 2020, ssex=\'1\', theme=\'blue-grey\', avatar=\'default.jpg\', description=\'null\', roleName=\'开发人员\'}\"  org.springframework.validation.BindingResult.user: \"org.springframework.validation.BeanPropertyBindingResult: 0 errors\"','192.168.153.1','2020-02-17 14:42:59',''),(130,'future','访问系统',96,'cc.mrbird.system.controller.LoginController.index()','user: \"User{userId=197, username=\'future\', password=\'d9ad2e77480c0bd1947d21d2246ef72b\', deptId=null, deptName=\'null\', email=\'\', mobile=\'\', status=\'1\', crateTime=Mon Jan 27 12:32:44 CST 2020, modifyTime=Mon Feb 17 14:35:01 CST 2020, lastLoginTime=Mon Feb 17 14:35:01 CST 2020, ssex=\'1\', theme=\'blue-grey\', avatar=\'default.jpg\', description=\'null\', roleName=\'开发人员\'}\"  org.springframework.validation.BindingResult.user: \"org.springframework.validation.BeanPropertyBindingResult: 0 errors\"','192.168.153.1','2020-02-17 14:43:09',''),(131,'future','访问系统',166,'cc.mrbird.system.controller.LoginController.index()','user: \"User{userId=197, username=\'future\', password=\'d9ad2e77480c0bd1947d21d2246ef72b\', deptId=null, deptName=\'null\', email=\'\', mobile=\'\', status=\'1\', crateTime=Mon Jan 27 12:32:44 CST 2020, modifyTime=Mon Feb 17 14:35:01 CST 2020, lastLoginTime=Mon Feb 17 14:35:01 CST 2020, ssex=\'1\', theme=\'blue-grey\', avatar=\'default.jpg\', description=\'null\', roleName=\'开发人员\'}\"  org.springframework.validation.BindingResult.user: \"org.springframework.validation.BeanPropertyBindingResult: 0 errors\"','192.168.153.1','2020-02-17 14:44:45',''),(132,'future','访问系统',109,'cc.mrbird.system.controller.LoginController.index()','user: \"User{userId=197, username=\'future\', password=\'d9ad2e77480c0bd1947d21d2246ef72b\', deptId=null, deptName=\'null\', email=\'\', mobile=\'\', status=\'1\', crateTime=Mon Jan 27 12:32:44 CST 2020, modifyTime=Mon Feb 17 14:35:01 CST 2020, lastLoginTime=Mon Feb 17 14:35:01 CST 2020, ssex=\'1\', theme=\'blue-grey\', avatar=\'default.jpg\', description=\'null\', roleName=\'开发人员\'}\"  org.springframework.validation.BindingResult.user: \"org.springframework.validation.BeanPropertyBindingResult: 0 errors\"','192.168.153.1','2020-02-17 14:44:53',''),(133,'future','访问系统',96,'cc.mrbird.system.controller.LoginController.index()','user: \"User{userId=197, username=\'future\', password=\'d9ad2e77480c0bd1947d21d2246ef72b\', deptId=null, deptName=\'null\', email=\'\', mobile=\'\', status=\'1\', crateTime=Mon Jan 27 12:32:44 CST 2020, modifyTime=Mon Feb 17 14:35:01 CST 2020, lastLoginTime=Mon Feb 17 14:35:01 CST 2020, ssex=\'1\', theme=\'blue-grey\', avatar=\'default.jpg\', description=\'null\', roleName=\'开发人员\'}\"  org.springframework.validation.BindingResult.user: \"org.springframework.validation.BeanPropertyBindingResult: 0 errors\"','192.168.153.1','2020-02-17 14:45:06',''),(134,'future','访问系统',112,'cc.mrbird.system.controller.LoginController.index()','user: \"User{userId=197, username=\'future\', password=\'d9ad2e77480c0bd1947d21d2246ef72b\', deptId=null, deptName=\'null\', email=\'\', mobile=\'\', status=\'1\', crateTime=Mon Jan 27 12:32:44 CST 2020, modifyTime=Mon Feb 17 14:35:01 CST 2020, lastLoginTime=Mon Feb 17 14:35:01 CST 2020, ssex=\'1\', theme=\'blue-grey\', avatar=\'default.jpg\', description=\'null\', roleName=\'开发人员\'}\"  org.springframework.validation.BindingResult.user: \"org.springframework.validation.BeanPropertyBindingResult: 0 errors\"','192.168.153.1','2020-02-17 14:45:15',''),(135,'future','访问系统',79,'cc.mrbird.system.controller.LoginController.index()','user: \"User{userId=197, username=\'future\', password=\'d9ad2e77480c0bd1947d21d2246ef72b\', deptId=null, deptName=\'null\', email=\'\', mobile=\'\', status=\'1\', crateTime=Mon Jan 27 12:32:44 CST 2020, modifyTime=Mon Feb 17 14:35:01 CST 2020, lastLoginTime=Mon Feb 17 14:35:01 CST 2020, ssex=\'1\', theme=\'blue-grey\', avatar=\'default.jpg\', description=\'null\', roleName=\'开发人员\'}\"  org.springframework.validation.BindingResult.user: \"org.springframework.validation.BeanPropertyBindingResult: 0 errors\"','192.168.153.1','2020-02-17 14:45:25',''),(136,'future','访问系统',84,'cc.mrbird.system.controller.LoginController.index()','user: \"User{userId=197, username=\'future\', password=\'d9ad2e77480c0bd1947d21d2246ef72b\', deptId=null, deptName=\'null\', email=\'\', mobile=\'\', status=\'1\', crateTime=Mon Jan 27 12:32:44 CST 2020, modifyTime=Mon Feb 17 14:42:11 CST 2020, lastLoginTime=Mon Feb 17 14:41:45 CST 2020, ssex=\'1\', theme=\'blue-grey\', avatar=\'default.jpg\', description=\'null\', roleName=\'开发人员\'}\"  org.springframework.validation.BindingResult.user: \"org.springframework.validation.BeanPropertyBindingResult: 0 errors\"','192.168.153.1','2020-02-17 14:54:21',''),(137,'future','访问系统',113,'cc.mrbird.system.controller.LoginController.index()','user: \"User{userId=197, username=\'future\', password=\'d9ad2e77480c0bd1947d21d2246ef72b\', deptId=null, deptName=\'null\', email=\'\', mobile=\'\', status=\'1\', crateTime=Mon Jan 27 12:32:44 CST 2020, modifyTime=Mon Feb 17 14:54:20 CST 2020, lastLoginTime=Mon Feb 17 14:54:20 CST 2020, ssex=\'1\', theme=\'blue-grey\', avatar=\'default.jpg\', description=\'null\', roleName=\'开发人员\'}\"  org.springframework.validation.BindingResult.user: \"org.springframework.validation.BeanPropertyBindingResult: 0 errors\"','192.168.153.1','2020-02-17 15:17:23',''),(138,'future','访问系统',194,'cc.mrbird.system.controller.LoginController.index()','user: \"User{userId=197, username=\'future\', password=\'d9ad2e77480c0bd1947d21d2246ef72b\', deptId=null, deptName=\'null\', email=\'\', mobile=\'\', status=\'1\', crateTime=Mon Jan 27 12:32:44 CST 2020, modifyTime=Mon Feb 17 15:17:23 CST 2020, lastLoginTime=Mon Feb 17 15:17:22 CST 2020, ssex=\'1\', theme=\'blue-grey\', avatar=\'default.jpg\', description=\'null\', roleName=\'开发人员\'}\"  org.springframework.validation.BindingResult.user: \"org.springframework.validation.BeanPropertyBindingResult: 0 errors\"','192.168.153.1','2020-02-17 15:24:02',''),(139,'future','访问系统',93,'cc.mrbird.system.controller.LoginController.index()','user: \"User{userId=197, username=\'future\', password=\'d9ad2e77480c0bd1947d21d2246ef72b\', deptId=null, deptName=\'null\', email=\'\', mobile=\'\', status=\'1\', crateTime=Mon Jan 27 12:32:44 CST 2020, modifyTime=Mon Feb 17 15:24:01 CST 2020, lastLoginTime=Mon Feb 17 15:24:01 CST 2020, ssex=\'1\', theme=\'blue-grey\', avatar=\'default.jpg\', description=\'null\', roleName=\'开发人员\'}\"  org.springframework.validation.BindingResult.user: \"org.springframework.validation.BeanPropertyBindingResult: 0 errors\"','192.168.153.1','2020-02-17 16:15:59',''),(140,'future','访问系统',144,'cc.mrbird.system.controller.LoginController.index()','user: \"User{userId=197, username=\'future\', password=\'d9ad2e77480c0bd1947d21d2246ef72b\', deptId=null, deptName=\'null\', email=\'\', mobile=\'\', status=\'1\', crateTime=Mon Jan 27 12:32:44 CST 2020, modifyTime=Mon Feb 17 16:15:59 CST 2020, lastLoginTime=Mon Feb 17 16:15:58 CST 2020, ssex=\'1\', theme=\'blue-grey\', avatar=\'default.jpg\', description=\'null\', roleName=\'开发人员\'}\"  org.springframework.validation.BindingResult.user: \"org.springframework.validation.BeanPropertyBindingResult: 0 errors\"','192.168.153.1','2020-02-17 21:43:53',''),(141,'future','访问系统',485,'cc.mrbird.system.controller.LoginController.index()','user: \"User{userId=197, username=\'future\', password=\'d9ad2e77480c0bd1947d21d2246ef72b\', deptId=null, deptName=\'null\', email=\'\', mobile=\'\', status=\'1\', crateTime=Mon Jan 27 12:32:44 CST 2020, modifyTime=Mon Feb 17 16:15:59 CST 2020, lastLoginTime=Mon Feb 17 16:15:58 CST 2020, ssex=\'1\', theme=\'blue-grey\', avatar=\'default.jpg\', description=\'null\', roleName=\'开发人员\'}\"  org.springframework.validation.BindingResult.user: \"org.springframework.validation.BeanPropertyBindingResult: 0 errors\"','192.168.153.1','2020-02-17 21:48:23',''),(142,'future','访问系统',80,'cc.mrbird.system.controller.LoginController.index()','user: \"User{userId=197, username=\'future\', password=\'d9ad2e77480c0bd1947d21d2246ef72b\', deptId=null, deptName=\'null\', email=\'\', mobile=\'\', status=\'1\', crateTime=Mon Jan 27 12:32:44 CST 2020, modifyTime=Mon Feb 17 21:43:51 CST 2020, lastLoginTime=Mon Feb 17 21:43:51 CST 2020, ssex=\'1\', theme=\'blue-grey\', avatar=\'default.jpg\', description=\'null\', roleName=\'开发人员\'}\"','192.168.153.1','2020-02-18 11:19:54',''),(143,'future','访问系统',127,'cc.mrbird.system.controller.LoginController.index()','user: \"User{userId=197, username=\'future\', password=\'d9ad2e77480c0bd1947d21d2246ef72b\', deptId=null, deptName=\'null\', email=\'\', mobile=\'\', status=\'1\', crateTime=Mon Jan 27 12:32:44 CST 2020, modifyTime=Tue Feb 18 11:19:54 CST 2020, lastLoginTime=Tue Feb 18 11:19:54 CST 2020, ssex=\'1\', theme=\'blue-grey\', avatar=\'default.jpg\', description=\'null\', roleName=\'开发人员\'}\"','192.168.153.1','2020-02-18 14:48:26',''),(144,'future','访问系统',123,'cc.mrbird.system.controller.LoginController.index()','user: \"User{userId=197, username=\'future\', password=\'d9ad2e77480c0bd1947d21d2246ef72b\', deptId=null, deptName=\'null\', email=\'\', mobile=\'\', status=\'1\', crateTime=Mon Jan 27 12:32:44 CST 2020, modifyTime=Tue Feb 18 14:48:26 CST 2020, lastLoginTime=Tue Feb 18 14:48:25 CST 2020, ssex=\'1\', theme=\'blue-grey\', avatar=\'default.jpg\', description=\'null\', roleName=\'开发人员\'}\"  org.springframework.validation.BindingResult.user: \"org.springframework.validation.BeanPropertyBindingResult: 0 errors\"','192.168.153.1','2020-02-18 15:05:11',''),(145,'future','访问系统',109,'cc.mrbird.system.controller.LoginController.index()','user: \"User{userId=197, username=\'future\', password=\'d9ad2e77480c0bd1947d21d2246ef72b\', deptId=null, deptName=\'null\', email=\'\', mobile=\'\', status=\'1\', crateTime=Mon Jan 27 12:32:44 CST 2020, modifyTime=Tue Feb 18 14:48:26 CST 2020, lastLoginTime=Tue Feb 18 14:48:25 CST 2020, ssex=\'1\', theme=\'blue-grey\', avatar=\'default.jpg\', description=\'null\', roleName=\'开发人员\'}\"  org.springframework.validation.BindingResult.user: \"org.springframework.validation.BeanPropertyBindingResult: 0 errors\"','192.168.153.1','2020-02-18 15:05:40',''),(146,'future','访问系统',92,'cc.mrbird.system.controller.LoginController.index()','user: \"User{userId=197, username=\'future\', password=\'d9ad2e77480c0bd1947d21d2246ef72b\', deptId=null, deptName=\'null\', email=\'\', mobile=\'\', status=\'1\', crateTime=Mon Jan 27 12:32:44 CST 2020, modifyTime=Tue Feb 18 14:48:26 CST 2020, lastLoginTime=Tue Feb 18 14:48:25 CST 2020, ssex=\'1\', theme=\'blue-grey\', avatar=\'default.jpg\', description=\'null\', roleName=\'开发人员\'}\"  org.springframework.validation.BindingResult.user: \"org.springframework.validation.BeanPropertyBindingResult: 0 errors\"','192.168.153.1','2020-02-18 15:07:14',''),(147,'future','访问系统',111,'cc.mrbird.system.controller.LoginController.index()','user: \"User{userId=197, username=\'future\', password=\'d9ad2e77480c0bd1947d21d2246ef72b\', deptId=null, deptName=\'null\', email=\'\', mobile=\'\', status=\'1\', crateTime=Mon Jan 27 12:32:44 CST 2020, modifyTime=Tue Feb 18 14:48:26 CST 2020, lastLoginTime=Tue Feb 18 14:48:25 CST 2020, ssex=\'1\', theme=\'blue-grey\', avatar=\'default.jpg\', description=\'null\', roleName=\'开发人员\'}\"  org.springframework.validation.BindingResult.user: \"org.springframework.validation.BeanPropertyBindingResult: 0 errors\"','192.168.153.1','2020-02-18 15:08:05',''),(148,'future','访问系统',88,'cc.mrbird.system.controller.LoginController.index()','user: \"User{userId=197, username=\'future\', password=\'d9ad2e77480c0bd1947d21d2246ef72b\', deptId=null, deptName=\'null\', email=\'\', mobile=\'\', status=\'1\', crateTime=Mon Jan 27 12:32:44 CST 2020, modifyTime=Tue Feb 18 14:48:26 CST 2020, lastLoginTime=Tue Feb 18 14:48:25 CST 2020, ssex=\'1\', theme=\'blue-grey\', avatar=\'default.jpg\', description=\'null\', roleName=\'开发人员\'}\"  org.springframework.validation.BindingResult.user: \"org.springframework.validation.BeanPropertyBindingResult: 0 errors\"','192.168.153.1','2020-02-18 15:09:18',''),(149,'future','访问系统',84,'cc.mrbird.system.controller.LoginController.index()','user: \"User{userId=197, username=\'future\', password=\'d9ad2e77480c0bd1947d21d2246ef72b\', deptId=null, deptName=\'null\', email=\'\', mobile=\'\', status=\'1\', crateTime=Mon Jan 27 12:32:44 CST 2020, modifyTime=Tue Feb 18 14:48:26 CST 2020, lastLoginTime=Tue Feb 18 14:48:25 CST 2020, ssex=\'1\', theme=\'blue-grey\', avatar=\'default.jpg\', description=\'null\', roleName=\'开发人员\'}\"  org.springframework.validation.BindingResult.user: \"org.springframework.validation.BeanPropertyBindingResult: 0 errors\"','192.168.153.1','2020-02-18 15:09:50',''),(150,'future','访问系统',98,'cc.mrbird.system.controller.LoginController.index()','user: \"User{userId=197, username=\'future\', password=\'d9ad2e77480c0bd1947d21d2246ef72b\', deptId=null, deptName=\'null\', email=\'\', mobile=\'\', status=\'1\', crateTime=Mon Jan 27 12:32:44 CST 2020, modifyTime=Tue Feb 18 15:05:11 CST 2020, lastLoginTime=Tue Feb 18 15:05:11 CST 2020, ssex=\'1\', theme=\'blue-grey\', avatar=\'default.jpg\', description=\'null\', roleName=\'开发人员\'}\"  org.springframework.validation.BindingResult.user: \"org.springframework.validation.BeanPropertyBindingResult: 0 errors\"','192.168.153.1','2020-02-19 15:12:09',''),(151,'future','获取在线用户信息',5,'cc.mrbird.system.controller.SessionController.online()','','192.168.153.1','2020-02-19 15:12:54',''),(152,'future','访问系统',165,'cc.mrbird.system.controller.LoginController.index()','user: \"User{userId=197, username=\'future\', password=\'d9ad2e77480c0bd1947d21d2246ef72b\', deptId=null, deptName=\'null\', email=\'\', mobile=\'\', status=\'1\', crateTime=Mon Jan 27 12:32:44 CST 2020, modifyTime=Tue Feb 18 15:05:11 CST 2020, lastLoginTime=Tue Feb 18 15:05:11 CST 2020, ssex=\'1\', theme=\'blue-grey\', avatar=\'default.jpg\', description=\'null\', roleName=\'开发人员\'}\"  org.springframework.validation.BindingResult.user: \"org.springframework.validation.BeanPropertyBindingResult: 0 errors\"','192.168.153.1','2020-02-19 15:18:17',''),(153,'future','访问系统',109,'cc.mrbird.system.controller.LoginController.index()','user: \"User{userId=197, username=\'future\', password=\'d9ad2e77480c0bd1947d21d2246ef72b\', deptId=null, deptName=\'null\', email=\'\', mobile=\'\', status=\'1\', crateTime=Mon Jan 27 12:32:44 CST 2020, modifyTime=Wed Feb 19 15:12:09 CST 2020, lastLoginTime=Wed Feb 19 15:12:08 CST 2020, ssex=\'1\', theme=\'blue-grey\', avatar=\'default.jpg\', description=\'null\', roleName=\'开发人员\'}\"','192.168.153.1','2020-02-21 11:09:07',''),(154,'future','获取在线用户信息',1,'cc.mrbird.system.controller.SessionController.online()','','192.168.153.1','2020-02-21 11:09:15',''),(155,'future','访问系统',109,'cc.mrbird.system.controller.LoginController.index()','user: \"User{userId=197, username=\'future\', password=\'d9ad2e77480c0bd1947d21d2246ef72b\', deptId=null, deptName=\'null\', email=\'\', mobile=\'\', status=\'1\', crateTime=Mon Jan 27 12:32:44 CST 2020, modifyTime=Fri Feb 21 11:09:06 CST 2020, lastLoginTime=Fri Feb 21 11:09:06 CST 2020, ssex=\'1\', theme=\'blue-grey\', avatar=\'default.jpg\', description=\'null\', roleName=\'开发人员\'}\"  org.springframework.validation.BindingResult.user: \"org.springframework.validation.BeanPropertyBindingResult: 0 errors\"','192.168.153.1','2020-02-21 12:54:24',''),(156,'future','访问系统',197,'cc.mrbird.system.controller.LoginController.index()','user: \"User{userId=197, username=\'future\', password=\'d9ad2e77480c0bd1947d21d2246ef72b\', deptId=null, deptName=\'null\', email=\'\', mobile=\'\', status=\'1\', crateTime=Mon Jan 27 12:32:44 CST 2020, modifyTime=Fri Feb 21 12:54:23 CST 2020, lastLoginTime=Fri Feb 21 12:54:23 CST 2020, ssex=\'1\', theme=\'blue-grey\', avatar=\'default.jpg\', description=\'null\', roleName=\'开发人员\'}\"  org.springframework.validation.BindingResult.user: \"org.springframework.validation.BeanPropertyBindingResult: 0 errors\"','192.168.153.1','2020-02-21 23:58:53',''),(157,'future','访问系统',164,'cc.mrbird.system.controller.LoginController.index()','user: \"User{userId=197, username=\'future\', password=\'d9ad2e77480c0bd1947d21d2246ef72b\', deptId=null, deptName=\'null\', email=\'\', mobile=\'\', status=\'1\', crateTime=Mon Jan 27 12:32:44 CST 2020, modifyTime=Fri Feb 21 23:58:53 CST 2020, lastLoginTime=Fri Feb 21 23:58:52 CST 2020, ssex=\'1\', theme=\'blue-grey\', avatar=\'default.jpg\', description=\'null\', roleName=\'开发人员\'}\"  org.springframework.validation.BindingResult.user: \"org.springframework.validation.BeanPropertyBindingResult: 0 errors\"','192.168.153.1','2020-02-22 10:40:38',''),(158,'future','访问系统',111,'cc.mrbird.system.controller.LoginController.index()','user: \"User{userId=197, username=\'future\', password=\'d9ad2e77480c0bd1947d21d2246ef72b\', deptId=null, deptName=\'null\', email=\'\', mobile=\'\', status=\'1\', crateTime=Mon Jan 27 12:32:44 CST 2020, modifyTime=Sat Feb 22 10:40:37 CST 2020, lastLoginTime=Sat Feb 22 10:40:37 CST 2020, ssex=\'1\', theme=\'blue-grey\', avatar=\'default.jpg\', description=\'null\', roleName=\'开发人员\'}\"  org.springframework.validation.BindingResult.user: \"org.springframework.validation.BeanPropertyBindingResult: 0 errors\"','192.168.153.1','2020-02-22 11:30:22',''),(159,'future','访问系统',140,'cc.mrbird.system.controller.LoginController.index()','user: \"User{userId=197, username=\'future\', password=\'d9ad2e77480c0bd1947d21d2246ef72b\', deptId=null, deptName=\'null\', email=\'\', mobile=\'\', status=\'1\', crateTime=Mon Jan 27 12:32:44 CST 2020, modifyTime=Sat Feb 22 11:30:21 CST 2020, lastLoginTime=Sat Feb 22 11:30:22 CST 2020, ssex=\'1\', theme=\'blue-grey\', avatar=\'default.jpg\', description=\'null\', roleName=\'开发人员\'}\"  org.springframework.validation.BindingResult.user: \"org.springframework.validation.BeanPropertyBindingResult: 0 errors\"','192.168.153.1','2020-02-22 11:31:49',''),(160,'future','访问系统',93,'cc.mrbird.system.controller.LoginController.index()','user: \"User{userId=197, username=\'future\', password=\'d9ad2e77480c0bd1947d21d2246ef72b\', deptId=null, deptName=\'null\', email=\'\', mobile=\'\', status=\'1\', crateTime=Mon Jan 27 12:32:44 CST 2020, modifyTime=Sat Feb 22 11:31:48 CST 2020, lastLoginTime=Sat Feb 22 11:31:48 CST 2020, ssex=\'1\', theme=\'blue-grey\', avatar=\'default.jpg\', description=\'null\', roleName=\'开发人员\'}\"  org.springframework.validation.BindingResult.user: \"org.springframework.validation.BeanPropertyBindingResult: 0 errors\"','192.168.153.1','2020-02-22 11:34:41',''),(161,'future','访问系统',8,'cc.mrbird.system.controller.LoginController.index()','user: \"User{userId=197, username=\'future\', password=\'d9ad2e77480c0bd1947d21d2246ef72b\', deptId=null, deptName=\'null\', email=\'\', mobile=\'\', status=\'1\', crateTime=Mon Jan 27 12:32:44 CST 2020, modifyTime=Sat Feb 22 11:34:40 CST 2020, lastLoginTime=Sat Feb 22 11:34:40 CST 2020, ssex=\'1\', theme=\'blue-grey\', avatar=\'default.jpg\', description=\'null\', roleName=\'开发人员\'}\"  org.springframework.validation.BindingResult.user: \"org.springframework.validation.BeanPropertyBindingResult: 0 errors\"','223.104.214.83','2020-02-22 11:47:50',''),(162,'admin','访问系统',7,'cc.mrbird.system.controller.LoginController.index()','user: \"User{userId=198, username=\'admin\', password=\'1fedc5a36d03c185065dd2b323886aa5\', deptId=null, deptName=\'null\', email=\'\', mobile=\'\', status=\'1\', crateTime=Mon Jan 27 12:32:55 CST 2020, modifyTime=Mon Feb 17 12:27:26 CST 2020, lastLoginTime=Mon Feb 17 12:27:27 CST 2020, ssex=\'0\', theme=\'blue-grey\', avatar=\'default.jpg\', description=\'null\', roleName=\'管理员\'}\"  org.springframework.validation.BindingResult.user: \"org.springframework.validation.BeanPropertyBindingResult: 0 errors\"','125.62.6.239','2020-02-22 13:37:32',''),(163,'admin','访问系统',5,'cc.mrbird.system.controller.LoginController.index()','user: \"User{userId=198, username=\'admin\', password=\'1fedc5a36d03c185065dd2b323886aa5\', deptId=null, deptName=\'null\', email=\'\', mobile=\'\', status=\'1\', crateTime=Mon Jan 27 12:32:55 CST 2020, modifyTime=Mon Feb 17 12:27:26 CST 2020, lastLoginTime=Mon Feb 17 12:27:27 CST 2020, ssex=\'0\', theme=\'blue-grey\', avatar=\'default.jpg\', description=\'null\', roleName=\'管理员\'}\"','125.62.6.239','2020-02-22 13:43:20',''),(164,'future','访问系统',4,'cc.mrbird.system.controller.LoginController.index()','user: \"User{userId=197, username=\'future\', password=\'d9ad2e77480c0bd1947d21d2246ef72b\', deptId=null, deptName=\'null\', email=\'\', mobile=\'\', status=\'1\', crateTime=Mon Jan 27 12:32:44 CST 2020, modifyTime=Sat Feb 22 11:47:49 CST 2020, lastLoginTime=Sat Feb 22 11:47:50 CST 2020, ssex=\'1\', theme=\'blue-grey\', avatar=\'default.jpg\', description=\'null\', roleName=\'开发人员\'}\"  org.springframework.validation.BindingResult.user: \"org.springframework.validation.BeanPropertyBindingResult: 0 errors\"','223.104.24.226','2020-02-22 13:49:41',''),(165,'future','访问系统',3,'cc.mrbird.system.controller.LoginController.index()','user: \"User{userId=197, username=\'future\', password=\'d9ad2e77480c0bd1947d21d2246ef72b\', deptId=null, deptName=\'null\', email=\'\', mobile=\'\', status=\'1\', crateTime=Mon Jan 27 12:32:44 CST 2020, modifyTime=Sat Feb 22 13:49:40 CST 2020, lastLoginTime=Sat Feb 22 13:49:41 CST 2020, ssex=\'1\', theme=\'blue-grey\', avatar=\'default.jpg\', description=\'null\', roleName=\'开发人员\'}\"  org.springframework.validation.BindingResult.user: \"org.springframework.validation.BeanPropertyBindingResult: 0 errors\"','117.136.65.124','2020-02-23 09:35:57',''),(166,'future','访问系统',3,'cc.mrbird.system.controller.LoginController.index()','user: \"User{userId=197, username=\'future\', password=\'d9ad2e77480c0bd1947d21d2246ef72b\', deptId=null, deptName=\'null\', email=\'\', mobile=\'\', status=\'1\', crateTime=Mon Jan 27 12:32:44 CST 2020, modifyTime=Sun Feb 23 09:35:56 CST 2020, lastLoginTime=Sun Feb 23 09:35:57 CST 2020, ssex=\'1\', theme=\'blue-grey\', avatar=\'default.jpg\', description=\'null\', roleName=\'开发人员\'}\"  org.springframework.validation.BindingResult.user: \"org.springframework.validation.BeanPropertyBindingResult: 0 errors\"','117.136.65.124','2020-02-23 10:17:02',''),(167,'future','访问系统',3,'cc.mrbird.system.controller.LoginController.index()','user: \"User{userId=197, username=\'future\', password=\'d9ad2e77480c0bd1947d21d2246ef72b\', deptId=null, deptName=\'null\', email=\'\', mobile=\'\', status=\'1\', crateTime=Mon Jan 27 12:32:44 CST 2020, modifyTime=Sun Feb 23 09:35:56 CST 2020, lastLoginTime=Sun Feb 23 09:35:57 CST 2020, ssex=\'1\', theme=\'blue-grey\', avatar=\'default.jpg\', description=\'null\', roleName=\'开发人员\'}\"  org.springframework.validation.BindingResult.user: \"org.springframework.validation.BeanPropertyBindingResult: 0 errors\"','117.136.65.124','2020-02-23 10:19:20',''),(168,'future','访问系统',2,'cc.mrbird.system.controller.LoginController.index()','user: \"User{userId=197, username=\'future\', password=\'d9ad2e77480c0bd1947d21d2246ef72b\', deptId=null, deptName=\'null\', email=\'\', mobile=\'\', status=\'1\', crateTime=Mon Jan 27 12:32:44 CST 2020, modifyTime=Sun Feb 23 09:35:56 CST 2020, lastLoginTime=Sun Feb 23 09:35:57 CST 2020, ssex=\'1\', theme=\'blue-grey\', avatar=\'default.jpg\', description=\'null\', roleName=\'开发人员\'}\"  org.springframework.validation.BindingResult.user: \"org.springframework.validation.BeanPropertyBindingResult: 0 errors\"','117.136.65.124','2020-02-23 10:19:41','');
INSERT INTO `t_log` VALUES (169,'future','访问系统',4,'cc.mrbird.system.controller.LoginController.index()','user: \"User{userId=197, username=\'future\', password=\'d9ad2e77480c0bd1947d21d2246ef72b\', deptId=null, deptName=\'null\', email=\'\', mobile=\'\', status=\'1\', crateTime=Mon Jan 27 12:32:44 CST 2020, modifyTime=Sun Feb 23 09:35:56 CST 2020, lastLoginTime=Sun Feb 23 09:35:57 CST 2020, ssex=\'1\', theme=\'blue-grey\', avatar=\'default.jpg\', description=\'null\', roleName=\'开发人员\'}\"  org.springframework.validation.BindingResult.user: \"org.springframework.validation.BeanPropertyBindingResult: 0 errors\"','117.136.65.124','2020-02-23 10:25:40',''),(170,'future','访问系统',148,'cc.mrbird.system.controller.LoginController.index()','user: \"User{userId=197, username=\'future\', password=\'d9ad2e77480c0bd1947d21d2246ef72b\', deptId=null, deptName=\'null\', email=\'\', mobile=\'\', status=\'1\', crateTime=Mon Jan 27 12:32:44 CST 2020, modifyTime=Sun Feb 23 09:35:56 CST 2020, lastLoginTime=Sun Feb 23 09:35:57 CST 2020, ssex=\'1\', theme=\'blue-grey\', avatar=\'default.jpg\', description=\'null\', roleName=\'开发人员\'}\"  org.springframework.validation.BindingResult.user: \"org.springframework.validation.BeanPropertyBindingResult: 0 errors\"','117.136.65.124','2020-02-23 10:44:54',''),(171,'admin','访问系统',4,'cc.mrbird.system.controller.LoginController.index()','user: \"User{userId=198, username=\'admin\', password=\'1fedc5a36d03c185065dd2b323886aa5\', deptId=null, deptName=\'null\', email=\'\', mobile=\'\', status=\'1\', crateTime=Mon Jan 27 12:32:55 CST 2020, modifyTime=Sat Feb 22 13:37:31 CST 2020, lastLoginTime=Sat Feb 22 13:37:32 CST 2020, ssex=\'0\', theme=\'blue-grey\', avatar=\'default.jpg\', description=\'null\', roleName=\'管理员\'}\"  org.springframework.validation.BindingResult.user: \"org.springframework.validation.BeanPropertyBindingResult: 0 errors\"','125.62.6.239','2020-02-23 12:42:30',''),(172,'admin','访问系统',3,'cc.mrbird.system.controller.LoginController.index()','user: \"User{userId=198, username=\'admin\', password=\'1fedc5a36d03c185065dd2b323886aa5\', deptId=null, deptName=\'null\', email=\'\', mobile=\'\', status=\'1\', crateTime=Mon Jan 27 12:32:55 CST 2020, modifyTime=Sat Feb 22 13:37:31 CST 2020, lastLoginTime=Sat Feb 22 13:37:32 CST 2020, ssex=\'0\', theme=\'blue-grey\', avatar=\'default.jpg\', description=\'null\', roleName=\'管理员\'}\"  org.springframework.validation.BindingResult.user: \"org.springframework.validation.BeanPropertyBindingResult: 0 errors\"','125.62.6.239','2020-02-23 12:52:50',''),(173,'admin','访问系统',3,'cc.mrbird.system.controller.LoginController.index()','user: \"User{userId=198, username=\'admin\', password=\'1fedc5a36d03c185065dd2b323886aa5\', deptId=null, deptName=\'null\', email=\'\', mobile=\'\', status=\'1\', crateTime=Mon Jan 27 12:32:55 CST 2020, modifyTime=Sun Feb 23 12:42:29 CST 2020, lastLoginTime=Sun Feb 23 12:42:29 CST 2020, ssex=\'0\', theme=\'blue-grey\', avatar=\'default.jpg\', description=\'null\', roleName=\'管理员\'}\"  org.springframework.validation.BindingResult.user: \"org.springframework.validation.BeanPropertyBindingResult: 0 errors\"','125.62.6.239','2020-02-23 13:34:55',''),(174,'admin','访问系统',2,'cc.mrbird.system.controller.LoginController.index()','user: \"User{userId=198, username=\'admin\', password=\'1fedc5a36d03c185065dd2b323886aa5\', deptId=null, deptName=\'null\', email=\'\', mobile=\'\', status=\'1\', crateTime=Mon Jan 27 12:32:55 CST 2020, modifyTime=Sun Feb 23 13:34:54 CST 2020, lastLoginTime=Sun Feb 23 13:34:55 CST 2020, ssex=\'0\', theme=\'blue-grey\', avatar=\'default.jpg\', description=\'null\', roleName=\'管理员\'}\"  org.springframework.validation.BindingResult.user: \"org.springframework.validation.BeanPropertyBindingResult: 0 errors\"','125.62.6.239','2020-02-23 14:44:38',''),(175,'admin','访问系统',3,'cc.mrbird.system.controller.LoginController.index()','user: \"User{userId=198, username=\'admin\', password=\'1fedc5a36d03c185065dd2b323886aa5\', deptId=null, deptName=\'null\', email=\'\', mobile=\'\', status=\'1\', crateTime=Mon Jan 27 12:32:55 CST 2020, modifyTime=Sun Feb 23 13:34:54 CST 2020, lastLoginTime=Sun Feb 23 13:34:55 CST 2020, ssex=\'0\', theme=\'blue-grey\', avatar=\'default.jpg\', description=\'null\', roleName=\'管理员\'}\"  org.springframework.validation.BindingResult.user: \"org.springframework.validation.BeanPropertyBindingResult: 0 errors\"','125.62.6.239','2020-02-23 14:48:31',''),(176,'admin','访问系统',3,'cc.mrbird.system.controller.LoginController.index()','user: \"User{userId=198, username=\'admin\', password=\'1fedc5a36d03c185065dd2b323886aa5\', deptId=null, deptName=\'null\', email=\'\', mobile=\'\', status=\'1\', crateTime=Mon Jan 27 12:32:55 CST 2020, modifyTime=Sun Feb 23 14:44:37 CST 2020, lastLoginTime=Sun Feb 23 14:44:37 CST 2020, ssex=\'0\', theme=\'blue-grey\', avatar=\'default.jpg\', description=\'null\', roleName=\'管理员\'}\"  org.springframework.validation.BindingResult.user: \"org.springframework.validation.BeanPropertyBindingResult: 0 errors\"','125.62.6.239','2020-02-23 17:56:59',''),(177,'admin','访问系统',3,'cc.mrbird.system.controller.LoginController.index()','user: \"User{userId=198, username=\'admin\', password=\'1fedc5a36d03c185065dd2b323886aa5\', deptId=null, deptName=\'null\', email=\'\', mobile=\'\', status=\'1\', crateTime=Mon Jan 27 12:32:55 CST 2020, modifyTime=Sun Feb 23 17:56:59 CST 2020, lastLoginTime=Sun Feb 23 17:56:59 CST 2020, ssex=\'0\', theme=\'blue-grey\', avatar=\'default.jpg\', description=\'null\', roleName=\'管理员\'}\"  org.springframework.validation.BindingResult.user: \"org.springframework.validation.BeanPropertyBindingResult: 0 errors\"','125.85.51.242','2020-02-24 19:48:39',''),(178,'admin','访问系统',4,'cc.mrbird.system.controller.LoginController.index()','user: \"User{userId=198, username=\'admin\', password=\'1fedc5a36d03c185065dd2b323886aa5\', deptId=null, deptName=\'null\', email=\'\', mobile=\'\', status=\'1\', crateTime=Mon Jan 27 12:32:55 CST 2020, modifyTime=Mon Feb 24 19:48:38 CST 2020, lastLoginTime=Mon Feb 24 19:48:39 CST 2020, ssex=\'0\', theme=\'blue-grey\', avatar=\'default.jpg\', description=\'null\', roleName=\'管理员\'}\"  org.springframework.validation.BindingResult.user: \"org.springframework.validation.BeanPropertyBindingResult: 0 errors\"','125.62.6.239','2020-02-25 14:51:42',''),(179,'admin','访问系统',2,'cc.mrbird.system.controller.LoginController.index()','user: \"User{userId=198, username=\'admin\', password=\'1fedc5a36d03c185065dd2b323886aa5\', deptId=null, deptName=\'null\', email=\'\', mobile=\'\', status=\'1\', crateTime=Mon Jan 27 12:32:55 CST 2020, modifyTime=Tue Feb 25 14:51:41 CST 2020, lastLoginTime=Tue Feb 25 14:51:42 CST 2020, ssex=\'0\', theme=\'blue-grey\', avatar=\'default.jpg\', description=\'null\', roleName=\'管理员\'}\"  org.springframework.validation.BindingResult.user: \"org.springframework.validation.BeanPropertyBindingResult: 0 errors\"','125.62.6.239','2020-02-25 15:29:12',''),(180,'future','访问系统',103,'cc.mrbird.system.controller.LoginController.index()','user: \"User{userId=197, username=\'future\', password=\'d9ad2e77480c0bd1947d21d2246ef72b\', deptId=null, deptName=\'null\', email=\'\', mobile=\'\', status=\'1\', crateTime=Mon Jan 27 12:32:44 CST 2020, modifyTime=Sun Feb 23 10:17:01 CST 2020, lastLoginTime=Sun Feb 23 10:17:02 CST 2020, ssex=\'1\', theme=\'blue-grey\', avatar=\'default.jpg\', description=\'null\', roleName=\'开发人员\'}\"','192.168.153.1','2020-02-26 17:02:34',''),(181,'future','获取在线用户信息',1,'cc.mrbird.system.controller.SessionController.online()','','192.168.153.1','2020-02-26 17:02:41',''),(182,'future','访问系统',125,'cc.mrbird.system.controller.LoginController.index()','user: \"User{userId=197, username=\'future\', password=\'d9ad2e77480c0bd1947d21d2246ef72b\', deptId=null, deptName=\'null\', email=\'\', mobile=\'\', status=\'1\', crateTime=Mon Jan 27 12:32:44 CST 2020, modifyTime=Wed Feb 26 17:02:33 CST 2020, lastLoginTime=Wed Feb 26 17:02:33 CST 2020, ssex=\'1\', theme=\'blue-grey\', avatar=\'default.jpg\', description=\'null\', roleName=\'开发人员\'}\"','192.168.153.1','2020-02-27 17:21:09',''),(183,'future','访问系统',90,'cc.mrbird.system.controller.LoginController.index()','user: \"User{userId=197, username=\'future\', password=\'d9ad2e77480c0bd1947d21d2246ef72b\', deptId=null, deptName=\'null\', email=\'\', mobile=\'\', status=\'1\', crateTime=Mon Jan 27 12:32:44 CST 2020, modifyTime=Wed Feb 26 17:02:33 CST 2020, lastLoginTime=Wed Feb 26 17:02:33 CST 2020, ssex=\'1\', theme=\'blue-grey\', avatar=\'default.jpg\', description=\'null\', roleName=\'开发人员\'}\"  org.springframework.validation.BindingResult.user: \"org.springframework.validation.BeanPropertyBindingResult: 0 errors\"','192.168.153.1','2020-02-27 17:21:19',''),(184,'future','访问系统',84,'cc.mrbird.system.controller.LoginController.index()','user: \"User{userId=197, username=\'future\', password=\'d9ad2e77480c0bd1947d21d2246ef72b\', deptId=null, deptName=\'null\', email=\'\', mobile=\'\', status=\'1\', crateTime=Mon Jan 27 12:32:44 CST 2020, modifyTime=Wed Feb 26 17:02:33 CST 2020, lastLoginTime=Wed Feb 26 17:02:33 CST 2020, ssex=\'1\', theme=\'blue-grey\', avatar=\'default.jpg\', description=\'null\', roleName=\'开发人员\'}\"  org.springframework.validation.BindingResult.user: \"org.springframework.validation.BeanPropertyBindingResult: 0 errors\"','192.168.153.1','2020-02-27 17:22:00',''),(185,'future','访问系统',89,'cc.mrbird.system.controller.LoginController.index()','user: \"User{userId=197, username=\'future\', password=\'d9ad2e77480c0bd1947d21d2246ef72b\', deptId=null, deptName=\'null\', email=\'\', mobile=\'\', status=\'1\', crateTime=Mon Jan 27 12:32:44 CST 2020, modifyTime=Wed Feb 26 17:02:33 CST 2020, lastLoginTime=Wed Feb 26 17:02:33 CST 2020, ssex=\'1\', theme=\'blue-grey\', avatar=\'default.jpg\', description=\'null\', roleName=\'开发人员\'}\"  org.springframework.validation.BindingResult.user: \"org.springframework.validation.BeanPropertyBindingResult: 0 errors\"','192.168.153.1','2020-02-27 17:22:07',''),(186,'future','访问系统',6,'cc.mrbird.system.controller.LoginController.index()','user: \"User{userId=197, username=\'future\', password=\'d9ad2e77480c0bd1947d21d2246ef72b\', deptId=null, deptName=\'null\', email=\'\', mobile=\'\', status=\'1\', crateTime=Mon Jan 27 12:32:44 CST 2020, modifyTime=Thu Feb 27 17:21:08 CST 2020, lastLoginTime=Thu Feb 27 17:21:08 CST 2020, ssex=\'1\', theme=\'blue-grey\', avatar=\'default.jpg\', description=\'null\', roleName=\'开发人员\'}\"  org.springframework.validation.BindingResult.user: \"org.springframework.validation.BeanPropertyBindingResult: 0 errors\"','117.136.70.16','2020-02-27 17:22:32',''),(187,'future','访问系统',299,'cc.mrbird.system.controller.LoginController.index()','user: \"User{userId=197, username=\'future\', password=\'d9ad2e77480c0bd1947d21d2246ef72b\', deptId=null, deptName=\'null\', email=\'\', mobile=\'\', status=\'1\', crateTime=Mon Jan 27 12:32:44 CST 2020, modifyTime=Wed Feb 26 17:02:33 CST 2020, lastLoginTime=Wed Feb 26 17:02:33 CST 2020, ssex=\'1\', theme=\'blue-grey\', avatar=\'default.jpg\', description=\'null\', roleName=\'开发人员\'}\"','192.168.153.1','2020-02-27 17:25:49',''),(188,'future','访问系统',205,'cc.mrbird.system.controller.LoginController.index()','user: \"User{userId=197, username=\'future\', password=\'d9ad2e77480c0bd1947d21d2246ef72b\', deptId=null, deptName=\'null\', email=\'\', mobile=\'\', status=\'1\', crateTime=Mon Jan 27 12:32:44 CST 2020, modifyTime=Wed Feb 26 17:02:33 CST 2020, lastLoginTime=Wed Feb 26 17:02:33 CST 2020, ssex=\'1\', theme=\'blue-grey\', avatar=\'default.jpg\', description=\'null\', roleName=\'开发人员\'}\"  org.springframework.validation.BindingResult.user: \"org.springframework.validation.BeanPropertyBindingResult: 0 errors\"','192.168.153.1','2020-02-27 17:28:30',''),(189,'admin','访问系统',4,'cc.mrbird.system.controller.LoginController.index()','user: \"User{userId=198, username=\'admin\', password=\'1fedc5a36d03c185065dd2b323886aa5\', deptId=null, deptName=\'null\', email=\'\', mobile=\'\', status=\'1\', crateTime=Mon Jan 27 12:32:55 CST 2020, modifyTime=Tue Feb 25 15:29:11 CST 2020, lastLoginTime=Tue Feb 25 15:29:12 CST 2020, ssex=\'0\', theme=\'blue-grey\', avatar=\'default.jpg\', description=\'null\', roleName=\'管理员\'}\"  org.springframework.validation.BindingResult.user: \"org.springframework.validation.BeanPropertyBindingResult: 0 errors\"','125.85.49.198','2020-02-29 19:20:27','');

#
# Structure for table "t_menu"
#

CREATE TABLE `t_menu` (
  `MENU_ID` bigint(20) NOT NULL AUTO_INCREMENT COMMENT '菜单/按钮ID',
  `PARENT_ID` bigint(20) NOT NULL COMMENT '上级菜单ID',
  `MENU_NAME` varchar(50) NOT NULL COMMENT '菜单/按钮名称',
  `URL` varchar(100) DEFAULT NULL COMMENT '菜单URL',
  `PERMS` text COMMENT '权限标识',
  `ICON` varchar(50) DEFAULT NULL COMMENT '图标',
  `TYPE` char(2) NOT NULL COMMENT '类型 0菜单 1按钮',
  `ORDER_NUM` bigint(20) unsigned DEFAULT '99' COMMENT '排序',
  `CREATE_TIME` datetime NOT NULL COMMENT '创建时间',
  `MODIFY_TIME` datetime DEFAULT NULL COMMENT '修改时间',
  PRIMARY KEY (`MENU_ID`) USING BTREE,
  UNIQUE KEY `PARENT_ID` (`PARENT_ID`,`MENU_NAME`) USING BTREE,
  KEY `MENU_NAME` (`MENU_NAME`) USING BTREE
) ENGINE=InnoDB AUTO_INCREMENT=160 DEFAULT CHARSET=utf8 ROW_FORMAT=DYNAMIC;

#
# Data for table "t_menu"
#

INSERT INTO `t_menu` VALUES (1,0,'系统管理',NULL,NULL,'zmdi zmdi-settings','0',2,'2017-12-27 16:39:07',NULL),(2,0,'系统监控',NULL,NULL,'zmdi zmdi-shield-security','0',3,'2017-12-27 16:45:51','2018-01-17 17:08:28'),(3,1,'用户管理','user','user:list','','0',2,'2017-12-27 16:47:13','2018-04-25 09:00:01'),(4,1,'角色管理','role','role:list','','0',3,'2017-12-27 16:48:09','2018-04-25 09:01:12'),(5,1,'菜单管理','menu','menu:list','','0',4,'2017-12-27 16:48:57','2018-04-25 09:01:30'),(6,1,'部门管理','dept','dept:list','','0',5,'2017-12-27 16:57:33','2018-04-25 09:01:40'),(8,2,'在线用户','session','session:list','','0',2,'2017-12-27 16:59:33','2018-04-25 09:02:04'),(10,2,'系统日志','log','log:list','','0',4,'2017-12-27 17:00:50','2018-04-25 09:02:18'),(11,3,'新增用户',NULL,'user:add',NULL,'1',100,'2017-12-27 17:02:58',NULL),(12,3,'修改用户',NULL,'user:update',NULL,'1',100,'2017-12-27 17:04:07',NULL),(13,3,'删除用户',NULL,'user:delete',NULL,'1',100,'2017-12-27 17:04:58',NULL),(14,4,'新增角色',NULL,'role:add',NULL,'1',100,'2017-12-27 17:06:38',NULL),(15,4,'修改角色',NULL,'role:update',NULL,'1',100,'2017-12-27 17:06:38',NULL),(16,4,'删除角色',NULL,'role:delete',NULL,'1',100,'2017-12-27 17:06:38',NULL),(17,5,'新增菜单',NULL,'menu:add',NULL,'1',100,'2017-12-27 17:08:02',NULL),(18,5,'修改菜单',NULL,'menu:update',NULL,'1',100,'2017-12-27 17:08:02',NULL),(19,5,'删除菜单',NULL,'menu:delete',NULL,'1',100,'2017-12-27 17:08:02',NULL),(20,6,'新增部门',NULL,'dept:add',NULL,'1',100,'2017-12-27 17:09:24',NULL),(21,6,'修改部门',NULL,'dept:update',NULL,'1',100,'2017-12-27 17:09:24',NULL),(22,6,'删除部门',NULL,'dept:delete',NULL,'1',100,'2017-12-27 17:09:24',NULL),(23,8,'踢出用户',NULL,'user:kickout',NULL,'1',100,'2017-12-27 17:11:13',NULL),(24,10,'删除日志',NULL,'log:delete',NULL,'1',100,'2017-12-27 17:11:45',NULL),(25,5,'修改菜单权限',NULL,'menu:auth',NULL,'1',100,'2017-12-27 17:11:45',NULL),(64,1,'字典管理','dict','dict:list','','0',100,'2018-01-18 10:38:25','2019-08-24 11:23:32'),(65,64,'新增字典',NULL,'dict:add',NULL,'1',100,'2018-01-18 19:10:08',NULL),(66,64,'修改字典',NULL,'dict:update',NULL,'1',100,'2018-01-18 19:10:27',NULL),(67,64,'删除字典',NULL,'dict:delete',NULL,'1',100,'2018-01-18 19:10:47',NULL),(113,2,'Redis监控','redis/info','redis:list','','0',100,'2018-06-28 14:29:42',NULL),(144,0,'首页','home/index','','zmdi zmdi-home','0',1,'2019-09-03 23:24:39','2020-01-27 12:39:01'),(151,0,'商品管理','','','zmdi zmdi-3d-rotation','0',99,'2020-01-27 14:12:44',NULL),(152,151,'商品列表','goods/index','','','0',99,'2020-01-27 14:13:28',NULL),(153,151,'商品类别','category/index','','','0',99,'2020-01-27 14:14:16',NULL),(154,0,'用户列表','user1/index','','zmdi zmdi-airplane-off','0',99,'2020-01-27 14:20:38','2020-01-27 14:20:59'),(155,0,'商品订单','orders/index','','zmdi zmdi-archive','0',99,'2020-01-27 14:21:32','2020-01-27 14:22:20'),(156,0,'维修订单','repair/index','','zmdi zmdi-assignment-check','0',99,'2020-01-27 14:23:02',NULL),(157,0,'库存管理','','','zmdi zmdi-balance','0',99,'2020-01-27 14:23:28',NULL),(158,157,'库存列表','stock/index','','','0',99,'2020-01-27 14:23:50',NULL),(159,157,'出入库记录','stockLog/index','','','0',99,'2020-01-27 14:24:08',NULL);

#
# Structure for table "t_role"
#

CREATE TABLE `t_role` (
  `ROLE_ID` bigint(20) NOT NULL AUTO_INCREMENT COMMENT '角色ID',
  `ROLE_NAME` varchar(100) NOT NULL COMMENT '角色名称',
  `REMARK` varchar(100) DEFAULT NULL COMMENT '角色描述',
  `CREATE_TIME` datetime NOT NULL COMMENT '创建时间',
  `MODIFY_TIME` datetime DEFAULT NULL COMMENT '修改时间',
  `hidden` tinyint(1) unsigned DEFAULT '0' COMMENT '是否从网页上隐藏该条记录',
  PRIMARY KEY (`ROLE_ID`) USING BTREE,
  UNIQUE KEY `ROLE_NAME` (`ROLE_NAME`) USING BTREE
) ENGINE=InnoDB AUTO_INCREMENT=76 DEFAULT CHARSET=utf8 ROW_FORMAT=DYNAMIC;

#
# Data for table "t_role"
#

INSERT INTO `t_role` VALUES (1,'开发人员','开发人员','2017-12-27 16:23:11','2020-01-27 14:24:28',1),(75,'管理员','管理员','2020-01-27 12:32:31','2020-01-27 14:25:11',0);

#
# Structure for table "t_role_menu"
#

CREATE TABLE `t_role_menu` (
  `ROLE_ID` bigint(20) NOT NULL COMMENT '角色ID',
  `MENU_ID` bigint(20) NOT NULL COMMENT '菜单/按钮ID'
) ENGINE=InnoDB DEFAULT CHARSET=utf8 ROW_FORMAT=DYNAMIC;

#
# Data for table "t_role_menu"
#

INSERT INTO `t_role_menu` VALUES (3,5),(3,6),(3,64),(3,2),(3,8),(3,10),(23,11),(23,12),(23,13),(23,3),(23,1),(25,1),(25,3),(24,8),(24,2),(24,10),(24,113),(71,144),(1,4),(1,3),(1,1),(1,2),(1,5),(1,6),(1,20),(1,21),(1,22),(1,10),(1,8),(1,11),(1,12),(1,13),(1,14),(1,15),(1,16),(1,17),(1,18),(1,23),(1,19),(1,24),(1,113),(72,144),(72,1),(72,3),(72,11),(72,12),(72,20),(72,6),(72,21),(72,22),(72,8),(72,23),(72,2),(72,5),(72,17),(72,18),(72,10),(1,144),(1,25),(73,144),(74,144),(74,1),(74,3),(74,11),(74,12),(74,13),(74,4),(74,14),(74,15),(74,16),(74,5),(74,17),(74,18),(74,19),(74,25),(74,6),(74,20),(74,21),(74,22),(74,64),(74,65),(74,66),(74,67),(74,2),(74,8),(74,23),(74,10),(74,24),(74,113),(75,144),(1,151),(1,152),(1,153),(1,154),(1,156),(1,155),(1,157),(1,158),(1,159),(75,1),(75,3),(75,151),(75,152),(75,153),(75,154),(75,156),(75,155),(75,157),(75,158),(75,159);

#
# Structure for table "t_user"
#

CREATE TABLE `t_user` (
  `USER_ID` bigint(20) NOT NULL AUTO_INCREMENT COMMENT '用户ID',
  `USERNAME` varchar(50) NOT NULL COMMENT '用户名',
  `PASSWORD` varchar(128) NOT NULL COMMENT '密码',
  `DEPT_ID` bigint(20) DEFAULT NULL COMMENT '部门ID',
  `EMAIL` varchar(128) DEFAULT NULL COMMENT '邮箱',
  `MOBILE` varchar(20) DEFAULT NULL COMMENT '联系电话',
  `STATUS` char(1) NOT NULL COMMENT '状态 0锁定 1有效',
  `CRATE_TIME` datetime NOT NULL DEFAULT CURRENT_TIMESTAMP COMMENT '创建时间',
  `MODIFY_TIME` datetime DEFAULT NULL ON UPDATE CURRENT_TIMESTAMP COMMENT '修改时间',
  `LAST_LOGIN_TIME` datetime DEFAULT NULL COMMENT '最近访问时间',
  `SSEX` char(1) DEFAULT NULL COMMENT '性别 0男 1女',
  `THEME` varchar(10) DEFAULT NULL COMMENT '主题',
  `AVATAR` varchar(100) DEFAULT NULL COMMENT '头像',
  `DESCRIPTION` varchar(100) DEFAULT NULL COMMENT '描述',
  `hidden` tinyint(1) unsigned DEFAULT '0' COMMENT '账户是否从界面隐藏',
  PRIMARY KEY (`USER_ID`) USING BTREE,
  UNIQUE KEY `USERNAME` (`USERNAME`) USING BTREE,
  KEY `STATUS` (`STATUS`) USING BTREE
) ENGINE=InnoDB AUTO_INCREMENT=199 DEFAULT CHARSET=utf8 ROW_FORMAT=DYNAMIC;

#
# Data for table "t_user"
#

INSERT INTO `t_user` VALUES (197,'future','d9ad2e77480c0bd1947d21d2246ef72b',NULL,'','','1','2020-01-27 12:32:44','2020-02-27 17:22:31','2020-02-27 17:22:32','1','blue-grey','default.jpg',NULL,0),(198,'admin','1fedc5a36d03c185065dd2b323886aa5',NULL,'','','1','2020-01-27 12:32:55','2020-02-29 19:20:27','2020-02-29 19:20:27','0','blue-grey','default.jpg',NULL,0);

#
# Structure for table "t_user_dept"
#

CREATE TABLE `t_user_dept` (
  `user_id` bigint(20) NOT NULL,
  `dept_id` int(20) NOT NULL,
  PRIMARY KEY (`user_id`,`dept_id`) USING BTREE
) ENGINE=InnoDB DEFAULT CHARSET=utf8 ROW_FORMAT=DYNAMIC;

#
# Data for table "t_user_dept"
#


#
# Structure for table "t_user_role"
#

CREATE TABLE `t_user_role` (
  `USER_ID` bigint(20) NOT NULL COMMENT '用户ID',
  `ROLE_ID` bigint(20) NOT NULL COMMENT '角色ID'
) ENGINE=InnoDB DEFAULT CHARSET=utf8 ROW_FORMAT=DYNAMIC;

#
# Data for table "t_user_role"
#

INSERT INTO `t_user_role` VALUES (170,71),(171,71),(172,71),(178,71),(177,71),(175,1),(175,71),(179,3),(167,1),(176,71),(173,72),(187,3),(4,71),(190,71),(197,1),(198,75);

#
# Structure for table "user"
#

CREATE TABLE `user` (
  `user_id` int(11) unsigned NOT NULL AUTO_INCREMENT,
  `openid` varchar(64) NOT NULL DEFAULT '',
  `type` tinyint(3) unsigned DEFAULT '0' COMMENT '用户类型 0：用户 1：师傅',
  `user_name` varchar(20) DEFAULT NULL COMMENT '用户姓名',
  `tel` varchar(11) DEFAULT NULL COMMENT '联系电话',
  `integral` smallint(6) unsigned DEFAULT '10' COMMENT '积分',
  `create_time` datetime DEFAULT CURRENT_TIMESTAMP,
  `email` varchar(40) DEFAULT NULL COMMENT '邮箱',
  `recommender_id` int(11) unsigned DEFAULT NULL COMMENT '推荐人id',
  `first_order` tinyint(3) unsigned DEFAULT '0' COMMENT '是否下过单（0：否，1：是）',
  `freezing_integral` smallint(5) unsigned DEFAULT NULL COMMENT '被冻结积分',
  `sign_in` tinyint(3) unsigned DEFAULT '0' COMMENT '是否签到（0:否，1：是）',
  `sign_in_num` smallint(5) unsigned DEFAULT '0' COMMENT '签到天数',
  PRIMARY KEY (`user_id`),
  KEY `openid` (`openid`)
) ENGINE=InnoDB AUTO_INCREMENT=15 DEFAULT CHARSET=utf8 COMMENT='小程序用户信息';

#
# Data for table "user"
#

INSERT INTO `user` VALUES (1,'oMKda5AMSnGh4B6JwqlcfQdSoaFo',0,'有',NULL,14,'2020-02-25 15:06:58',NULL,NULL,0,40,0,4),(3,'oMKda5BoO9yl3C94pevpg1UxMC20',0,'eye',NULL,11,'2020-02-25 15:08:49',NULL,1,0,40,0,1),(6,'oMKda5GLtSBNkJGdQznVkPhvAtNo',0,'＊ A修电脑维修出租复印机',NULL,15,'2020-02-25 21:13:20',NULL,NULL,0,30,0,5),(7,'oMKda5HyQfBHccW1mPLbp3IGjQAE',0,'杨玟中',NULL,10,'2020-02-25 23:44:02',NULL,NULL,0,30,0,0),(8,'oMKda5P-EyrcHe3mJNzNUQaA-hKs',0,'赵文宏',NULL,10,'2020-02-26 09:46:06',NULL,NULL,0,30,0,0),(11,'oMKda5GNu2uiGhTRP2P2AM3HoGhk',0,'韩慈瑄',NULL,10,'2020-02-28 00:16:02',NULL,NULL,0,30,0,0);

#
# Event "truncate_note_month"
#

CREATE EVENT `truncate_note_month` ON SCHEDULE EVERY 1 MONTH STARTS '2020-01-01 00:00:00' ON COMPLETION NOT PRESERVE ENABLE COMMENT '每月清除note表' DO delete from note where state = 1;

#
# Event "update_user_day_clear"
#

CREATE EVENT `update_user_day_clear` ON SCHEDULE EVERY 1 DAY STARTS '2020-01-01 00:00:00' ON COMPLETION NOT PRESERVE ENABLE COMMENT '每天凌晨12点把签到状态归为0' DO update user set sign_in=0;
